_timestamp,version,iTOW,lon,lat,height,hMSL,lonHp,latHp,heightHp,hMSLHp,hAcc,vAcc
1712562451923940,0,114469800,11.313823,46.434320,286.693700,240.645300,-0.000000,-0.000000,-0.000300,0.000300,0.023200,0.031400
1712562452023830,0,114469900,11.313823,46.434320,286.697200,240.648700,-0.000000,-0.000000,0.000200,-0.000300,0.022300,0.030200
1712562452137754,0,114470000,11.313823,46.434320,286.696400,240.648000,-0.000000,-0.000000,0.000400,0.000000,0.022400,0.030300
1712562452236143,0,114470100,11.313823,46.434320,286.692600,240.644200,-0.000000,0.000000,-0.000400,0.000200,0.023400,0.031600
1712562452323416,0,114470200,11.313823,46.434320,286.689900,240.641400,0.000000,0.000000,-0.000100,0.000400,0.023400,0.031700
1712562452428944,0,114470300,11.313823,46.434320,286.694800,240.646400,-0.000000,0.000000,-0.000200,0.000400,0.023300,0.031600
1712562452528548,0,114470400,11.313823,46.434320,286.692100,240.643600,-0.000000,0.000000,0.000100,-0.000400,0.024100,0.032800
1712562452630263,0,114470500,11.313823,46.434320,286.692400,240.644000,-0.000000,-0.000000,0.000400,0.000000,0.023600,0.032100
1712562452729085,0,114470600,11.313823,46.434320,286.690100,240.641700,0.000000,0.000000,0.000100,-0.000300,0.023100,0.031300
1712562452830358,0,114470700,11.313823,46.434320,286.688400,240.639900,0.000000,0.000000,0.000400,-0.000100,0.023000,0.031200
1712562452925085,0,114470800,11.313823,46.434320,286.692300,240.643900,-0.000000,0.000000,0.000300,-0.000100,0.023100,0.031300
1712562453025387,0,114470900,11.313823,46.434320,286.689700,240.641200,-0.000000,0.000000,-0.000300,0.000200,0.023300,0.031700
1712562453150173,0,114471000,11.313823,46.434320,286.692100,240.643700,0.000000,0.000000,0.000100,-0.000300,0.022700,0.030700
1712562453221819,0,114471100,11.313823,46.434320,286.691600,240.643200,0.000000,0.000000,-0.000400,0.000200,0.023400,0.031800
1712562453326439,0,114471200,11.313823,46.434320,286.709500,240.661000,0.000000,0.000000,0.000500,0.000000,0.015900,0.022100
1712562453422751,0,114471300,11.313823,46.434320,286.708800,240.660400,-0.000000,0.000000,-0.000200,0.000400,0.015800,0.021700
1712562453529061,0,114471400,11.313823,46.434320,286.715300,240.666800,0.000000,0.000000,0.000300,-0.000200,0.016600,0.022300
1712562453628305,0,114471500,11.313823,46.434320,286.711500,240.663100,0.000000,0.000000,0.000500,0.000100,0.017500,0.024200
1712562453727914,0,114471600,11.313823,46.434320,286.708400,240.660000,0.000000,-0.000000,0.000400,0.000000,0.017600,0.024500
1712562453830197,0,114471700,11.313823,46.434320,286.712200,240.663800,-0.000000,0.000000,0.000200,-0.000200,0.018000,0.025000
1712562453922339,0,114471800,11.313823,46.434320,286.705900,240.657500,-0.000000,0.000000,-0.000100,0.000500,0.017300,0.023700
1712562454020477,0,114471900,11.313823,46.434320,286.710500,240.662100,0.000000,-0.000000,-0.000500,0.000100,0.017400,0.024100
1712562454128692,0,114472000,11.313823,46.434320,286.709500,240.661000,-0.000000,-0.000000,0.000500,0.000000,0.017600,0.024400
1712562454233962,0,114472100,11.313823,46.434320,286.713400,240.665000,0.000000,0.000000,0.000400,0.000000,0.017700,0.024700
1712562454330139,0,114472200,11.313823,46.434320,286.707500,240.659100,0.000000,-0.000000,0.000500,0.000100,0.017800,0.024800
1712562454433463,0,114472300,11.313823,46.434320,286.708200,240.659800,-0.000000,-0.000000,0.000200,-0.000200,0.018100,0.025200
1712562454531956,0,114472400,11.313823,46.434320,286.708600,240.660200,0.000000,-0.000000,-0.000400,0.000200,0.018700,0.025900
1712562454630927,0,114472500,11.313823,46.434320,286.708200,240.659800,0.000000,0.000000,0.000200,-0.000200,0.018800,0.026000
1712562454729082,0,114472600,11.313823,46.434320,286.704600,240.656200,-0.000000,-0.000000,-0.000400,0.000200,0.018700,0.025800
1712562454827216,0,114472700,11.313823,46.434320,286.705900,240.657500,0.000000,-0.000000,-0.000100,0.000500,0.018900,0.026000
1712562454925250,0,114472800,11.313823,46.434320,286.711000,240.662500,0.000000,-0.000000,0.000000,-0.000500,0.018600,0.025700
1712562455021398,0,114472900,11.313823,46.434320,286.709300,240.660900,0.000000,-0.000000,0.000300,-0.000100,0.018500,0.025600
1712562455172960,0,114473000,11.313823,46.434320,286.707000,240.658600,0.000000,-0.000000,0.000000,-0.000400,0.017800,0.024500
1712562455332286,0,114473200,11.313823,46.434320,286.707900,240.659500,0.000000,-0.000000,-0.000100,0.000500,0.017400,0.023900
1712562455425169,0,114473300,11.313823,46.434320,286.705200,240.656700,0.000000,-0.000000,0.000200,-0.000300,0.017000,0.023200
1712562455527305,0,114473400,11.313823,46.434320,286.705500,240.657000,-0.000000,-0.000000,0.000500,0.000000,0.017100,0.023400
1712562455629827,0,114473500,11.313823,46.434320,286.701700,240.653300,-0.000000,-0.000000,-0.000300,0.000300,0.016900,0.023000
1712562455727381,0,114473600,11.313823,46.434320,286.699600,240.651200,-0.000000,0.000000,-0.000400,0.000200,0.016900,0.023200
1712562455825194,0,114473700,11.313823,46.434320,286.712100,240.663700,0.000000,-0.000000,0.000100,-0.000300,0.016300,0.022000
1712562455918017,0,114473800,11.313823,46.434320,286.710400,240.661900,0.000000,0.000000,0.000400,-0.000100,0.016400,0.022200
1712562456023847,0,114473900,11.313823,46.434320,286.711900,240.663500,-0.000000,0.000000,-0.000100,0.000500,0.017100,0.023700
1712562456134274,0,114474000,11.313823,46.434320,286.710100,240.661700,0.000000,-0.000000,0.000100,-0.000300,0.016700,0.022700
1712562456230484,0,114474100,11.313823,46.434320,286.711000,240.662500,0.000000,-0.000000,0.000000,-0.000500,0.017300,0.023600
1712562456322169,0,114474200,11.313823,46.434320,286.711000,240.662600,-0.000000,0.000000,0.000000,-0.000400,0.017600,0.024300
1712562456427610,0,114474300,11.313823,46.434320,286.712100,240.663700,-0.000000,0.000000,0.000100,-0.000300,0.017800,0.024600
1712562456526601,0,114474400,11.313823,46.434320,286.707600,240.659200,0.000000,-0.000000,-0.000400,0.000200,0.018500,0.025400
1712562456627208,0,114474500,11.313823,46.434320,286.711500,240.663100,-0.000000,0.000000,-0.000500,0.000100,0.017800,0.024500
1712562456722304,0,114474600,11.313823,46.434320,286.714300,240.665900,0.000000,-0.000000,0.000300,-0.000100,0.017200,0.023800
1712562456818439,0,114474700,11.313823,46.434320,286.707400,240.658900,0.000000,0.000000,0.000400,-0.000100,0.017600,0.024100
1712562456923140,0,114474800,11.313823,46.434320,286.701800,240.653400,0.000000,0.000000,-0.000200,0.000400,0.017800,0.024400
1712562457023625,0,114474900,11.313823,46.434320,286.706600,240.658200,0.000000,0.000000,-0.000400,0.000200,0.017900,0.024600
1712562457146643,0,114475000,11.313823,46.434320,286.709400,240.661000,0.000000,-0.000000,0.000400,0.000000,0.018400,0.025200
1712562457228707,0,114475100,11.313823,46.434320,286.711800,240.663400,0.000000,-0.000000,-0.000200,0.000400,0.018300,0.025000
1712562457331828,0,114475200,11.313823,46.434320,286.707800,240.659400,0.000000,-0.000000,-0.000200,0.000400,0.018400,0.025200
1712562457427314,0,114475300,11.313823,46.434320,286.705200,240.656800,-0.000000,0.000000,0.000200,-0.000200,0.016800,0.023000
1712562457525522,0,114475400,11.313823,46.434320,286.710000,240.661600,-0.000000,0.000000,0.000000,-0.000400,0.016600,0.022300
1712562457628915,0,114475500,11.313823,46.434320,286.714600,240.666200,-0.000000,-0.000000,-0.000400,0.000200,0.017300,0.023700
1712562457719362,0,114475600,11.313823,46.434320,286.707800,240.659400,-0.000000,-0.000000,-0.000200,0.000400,0.018000,0.024800
1712562457824225,0,114475700,11.313823,46.434320,286.709600,240.661200,-0.000000,-0.000000,-0.000400,0.000200,0.018400,0.025500
1712562457923665,0,114475800,11.313823,46.434320,286.707900,240.659500,-0.000000,-0.000000,-0.000100,-0.000500,0.018300,0.025300
1712562458025180,0,114475900,11.313823,46.434320,286.704100,240.655700,0.000000,-0.000000,0.000100,-0.000300,0.018200,0.025100
1712562458131778,0,114476000,11.313823,46.434320,286.706100,240.657700,-0.000000,-0.000000,0.000100,-0.000300,0.017600,0.024300
1712562458232289,0,114476100,11.313823,46.434320,286.703600,240.655200,-0.000000,-0.000000,-0.000400,0.000200,0.018400,0.025300
1712562458323687,0,114476200,11.313823,46.434320,286.702400,240.654000,0.000000,-0.000000,0.000400,0.000000,0.018200,0.025000
1712562458423601,0,114476300,11.313823,46.434320,286.702200,240.653800,0.000000,-0.000000,0.000200,-0.000200,0.018000,0.024700
1712562458526436,0,114476400,11.313823,46.434320,286.705700,240.657300,-0.000000,-0.000000,-0.000300,0.000300,0.017800,0.024500
1712562458621040,0,114476500,11.313823,46.434320,286.703700,240.655300,-0.000000,0.000000,-0.000300,0.000300,0.017000,0.023300
1712562458723198,0,114476600,11.313823,46.434320,286.703200,240.654800,0.000000,-0.000000,0.000200,-0.000200,0.017500,0.024000
1712562458823952,0,114476700,11.313823,46.434320,286.707500,240.659100,-0.000000,0.000000,0.000500,0.000100,0.017600,0.024200
1712562458924933,0,114476800,11.313823,46.434320,286.708300,240.659900,0.000000,0.000000,0.000300,-0.000100,0.017500,0.023900
1712562459026067,0,114476900,11.313823,46.434320,286.701900,240.653500,0.000000,0.000000,-0.000100,0.000500,0.017900,0.024600
1712562459152078,0,114477000,11.313823,46.434320,286.702700,240.654300,0.000000,0.000000,-0.000300,0.000300,0.017600,0.024200
1712562459229396,0,114477100,11.313823,46.434320,286.702400,240.654000,0.000000,-0.000000,0.000400,0.000000,0.017800,0.024300
1712562459325695,0,114477200,11.313823,46.434320,286.705200,240.656800,0.000000,-0.000000,0.000200,-0.000200,0.018200,0.024900
1712562459424471,0,114477300,11.313823,46.434320,286.707100,240.658700,-0.000000,-0.000000,0.000100,-0.000300,0.018000,0.024500
1712562459519912,0,114477400,11.313823,46.434320,286.702900,240.654500,-0.000000,-0.000000,-0.000100,-0.000500,0.018800,0.025600
1712562459628403,0,114477500,11.313823,46.434320,286.701400,240.653000,-0.000000,0.000000,0.000400,0.000000,0.018500,0.025200
1712562459722770,0,114477600,11.313823,46.434320,286.712000,240.663600,-0.000000,-0.000000,0.000000,-0.000400,0.016800,0.023100
1712562459824804,0,114477700,11.313823,46.434320,286.713700,240.665300,-0.000000,-0.000000,-0.000300,0.000300,0.016600,0.022100
1712562459923177,0,114477800,11.313823,46.434320,286.717200,240.668800,-0.000000,-0.000000,0.000200,-0.000200,0.016100,0.021100
1712562460023609,0,114477900,11.313823,46.434320,286.715600,240.667200,-0.000000,-0.000000,-0.000400,0.000200,0.016000,0.020900
1712562460136801,0,114478000,11.313823,46.434320,286.715100,240.666700,-0.000000,-0.000000,0.000100,-0.000300,0.015800,0.020500
1712562460235434,0,114478100,11.313823,46.434320,286.717100,240.668700,0.000000,-0.000000,0.000100,-0.000300,0.016600,0.022100
1712562460328375,0,114478200,11.313823,46.434320,286.711500,240.663100,0.000000,-0.000000,-0.000500,0.000100,0.017000,0.023100
1712562460418829,0,114478300,11.313823,46.434320,286.718900,240.670400,-0.000000,0.000000,-0.000100,0.000400,0.016800,0.022600
1712562460528844,0,114478400,11.313823,46.434320,286.719400,240.671000,0.000000,0.000000,0.000400,0.000000,0.017000,0.023000
1712562460628899,0,114478500,11.313823,46.434320,286.715900,240.667500,-0.000000,0.000000,-0.000100,-0.000500,0.016700,0.022500
1712562460726315,0,114478600,11.313823,46.434320,286.724100,240.675600,-0.000000,0.000000,0.000100,-0.000400,0.016500,0.021900
1712562460825983,0,114478700,11.313823,46.434320,286.717800,240.669400,0.000000,0.000000,-0.000200,0.000400,0.016100,0.021000
1712562460923832,0,114478800,11.313823,46.434320,286.719500,240.671100,0.000000,0.000000,0.000500,0.000100,0.015800,0.020400
1712562461025378,0,114478900,11.313823,46.434320,286.724200,240.675800,0.000000,0.000000,0.000200,-0.000200,0.015900,0.020600
1712562461152222,0,114479000,11.313823,46.434320,286.716200,240.667800,0.000000,0.000000,0.000200,-0.000200,0.015700,0.020200
1712562461226729,0,114479100,11.313823,46.434320,286.722700,240.674300,-0.000000,0.000000,-0.000300,0.000300,0.016300,0.021700
1712562461328802,0,114479200,11.313823,46.434320,286.720200,240.671800,0.000000,0.000000,0.000200,-0.000200,0.016500,0.022000
1712562461423507,0,114479300,11.313823,46.434320,286.716700,240.668300,0.000000,0.000000,-0.000300,0.000300,0.016500,0.022000
1712562461527479,0,114479400,11.313823,46.434320,286.722400,240.674000,0.000000,0.000000,0.000400,0.000000,0.016500,0.022100
1712562461628798,0,114479500,11.313823,46.434320,286.720200,240.671800,-0.000000,0.000000,0.000200,-0.000200,0.016200,0.021300
1712562461727289,0,114479600,11.313823,46.434320,286.724300,240.675800,-0.000000,-0.000000,0.000300,-0.000200,0.016500,0.022000
1712562461826499,0,114479700,11.313823,46.434320,286.719900,240.671500,0.000000,0.000000,-0.000100,-0.000500,0.016800,0.022600
1712562461923257,0,114479800,11.313823,46.434320,286.721300,240.672900,-0.000000,0.000000,0.000300,-0.000100,0.016900,0.022900
1712562462023420,0,114479900,11.313823,46.434320,286.715000,240.666600,0.000000,0.000000,0.000000,-0.000400,0.016800,0.022600
1712562462135459,0,114480000,11.313823,46.434320,286.723200,240.674800,-0.000000,0.000000,0.000200,-0.000200,0.016700,0.022400
1712562462224266,0,114480100,11.313823,46.434320,286.721900,240.673500,-0.000000,0.000000,-0.000100,0.000500,0.016900,0.022900
1712562462323005,0,114480200,11.313823,46.434320,286.719300,240.670900,-0.000000,0.000000,0.000300,-0.000100,0.017100,0.023300
1712562462425268,0,114480300,11.313823,46.434320,286.720100,240.671700,-0.000000,-0.000000,0.000100,-0.000300,0.016800,0.022800
1712562462526920,0,114480400,11.313823,46.434320,286.726400,240.678000,-0.000000,0.000000,0.000400,0.000000,0.017000,0.023000
1712562462626445,0,114480500,11.313823,46.434320,286.716400,240.667900,0.000000,0.000000,0.000400,-0.000100,0.017200,0.023400
1712562462724947,0,114480600,11.313823,46.434320,286.715200,240.666700,0.000000,0.000000,0.000200,-0.000300,0.017800,0.024600
1712562462823320,0,114480700,11.313823,46.434320,286.718500,240.670100,-0.000000,0.000000,0.000500,0.000100,0.018100,0.024900
1712562462922445,0,114480800,11.313823,46.434320,286.722300,240.673800,-0.000000,0.000000,0.000300,-0.000200,0.017900,0.024500
1712562463022318,0,114480900,11.313823,46.434320,286.720100,240.671700,-0.000000,0.000000,0.000100,-0.000300,0.017600,0.024200
1712562463143063,0,114481000,11.313823,46.434320,286.721000,240.672600,0.000000,-0.000000,0.000000,-0.000400,0.017700,0.024300
1712562463226133,0,114481100,11.313823,46.434320,286.713100,240.664700,0.000000,-0.000000,0.000100,-0.000300,0.018300,0.025100
1712562463325301,0,114481200,11.313823,46.434320,286.718400,240.670000,0.000000,0.000000,0.000400,0.000000,0.018200,0.024900
1712562463424227,0,114481300,11.313823,46.434320,286.716700,240.668200,0.000000,-0.000000,-0.000300,0.000200,0.018200,0.025000
1712562463523453,0,114481400,11.313823,46.434320,286.718600,240.670200,-0.000000,0.000000,-0.000400,0.000200,0.018000,0.024600
1712562463626518,0,114481500,11.313823,46.434320,286.715100,240.666600,0.000000,-0.000000,0.000100,-0.000400,0.017900,0.024600
1712562463725927,0,114481600,11.313823,46.434320,286.710100,240.661600,0.000000,-0.000000,0.000100,-0.000400,0.017900,0.024600
1712562463824467,0,114481700,11.313823,46.434320,286.710800,240.662400,0.000000,-0.000000,-0.000200,0.000400,0.019000,0.026000
1712562463923242,0,114481800,11.313823,46.434320,286.717300,240.668900,0.000000,0.000000,0.000300,-0.000100,0.019500,0.026600
1712562464018725,0,114481900,11.313823,46.434320,286.709400,240.661000,0.000000,-0.000000,0.000400,0.000000,0.018900,0.025900
1712562464141261,0,114482000,11.313823,46.434320,286.707900,240.659500,-0.000000,-0.000000,-0.000100,0.000500,0.019000,0.026000
1712562464233153,0,114482100,11.313823,46.434320,286.713000,240.664600,0.000000,-0.000000,0.000000,-0.000400,0.018900,0.025900
1712562464336329,0,114482200,11.313823,46.434320,286.713400,240.665000,-0.000000,-0.000000,0.000400,0.000000,0.019200,0.026200
1712562464426724,0,114482300,11.313823,46.434320,286.716700,240.668300,0.000000,-0.000000,-0.000300,0.000300,0.019100,0.026100
1712562464529466,0,114482400,11.313823,46.434320,286.709900,240.661500,0.000000,-0.000000,-0.000100,0.000500,0.019800,0.027100
1712562464632136,0,114482500,11.313823,46.434320,286.711900,240.663500,-0.000000,-0.000000,-0.000100,-0.000500,0.020100,0.027500
1712562464725137,0,114482600,11.313823,46.434320,286.707600,240.659200,0.000000,-0.000000,-0.000400,0.000200,0.020400,0.028100
1712562464825155,0,114482700,11.313823,46.434320,286.708400,240.659900,0.000000,-0.000000,0.000400,-0.000100,0.020100,0.027600
1712562464920329,0,114482800,11.313823,46.434320,286.711000,240.662500,0.000000,-0.000000,0.000000,-0.000500,0.020200,0.027800
1712562465026486,0,114482900,11.313823,46.434320,286.713900,240.665500,0.000000,-0.000000,-0.000100,0.000500,0.020200,0.027800
1712562465152040,0,114483000,11.313823,46.434320,286.712500,240.664000,0.000000,-0.000000,0.000500,0.000000,0.020500,0.028200
1712562465233133,0,114483100,11.313823,46.434320,286.713200,240.664800,0.000000,-0.000000,0.000200,-0.000200,0.021400,0.029400
1712562465329444,0,114483200,11.313823,46.434319,286.703100,240.654700,0.000000,-0.000000,0.000100,-0.000300,0.020900,0.028700
1712562465425712,0,114483300,11.313823,46.434318,286.702100,240.653700,-0.000000,-0.000000,0.000100,-0.000300,0.019700,0.027000
1712562465527941,0,114483400,11.313822,46.434316,286.728800,240.680400,-0.000000,-0.000000,-0.000200,0.000400,0.017900,0.024400
1712562465624401,0,114483500,11.313821,46.434314,286.732900,240.684500,0.000000,0.000000,-0.000100,0.000500,0.018100,0.024600
1712562465722429,0,114483600,11.313820,46.434311,286.739200,240.690800,-0.000000,0.000000,0.000200,-0.000200,0.016900,0.023100
1712562465818752,0,114483700,11.313819,46.434308,286.727500,240.679100,0.000000,0.000000,0.000500,0.000100,0.016900,0.023100
1712562465923957,0,114483800,11.313817,46.434304,286.736000,240.687600,0.000000,-0.000000,0.000000,-0.000400,0.017100,0.023400
1712562466023956,0,114483900,11.313816,46.434299,286.739200,240.690800,0.000000,0.000000,0.000200,-0.000200,0.017200,0.023500
1712562466139402,0,114484000,11.313814,46.434294,286.740500,240.692100,0.000000,-0.000000,-0.000500,0.000100,0.017900,0.024500
1712562466236332,0,114484100,11.313812,46.434288,286.728900,240.680400,-0.000000,0.000000,-0.000100,0.000400,0.016800,0.022900
1712562466323184,0,114484200,11.313809,46.434281,286.721400,240.673000,-0.000000,-0.000000,0.000400,0.000000,0.017500,0.023900
1712562466424631,0,114484300,11.313807,46.434274,286.716900,240.668500,0.000000,-0.000000,-0.000100,0.000500,0.017900,0.024400
1712562466524201,0,114484400,11.313804,46.434267,286.725000,240.676500,-0.000000,0.000000,0.000000,-0.000500,0.019000,0.025800
1712562466623016,0,114484500,11.313801,46.434259,286.714400,240.665900,-0.000000,-0.000000,0.000400,-0.000100,0.019100,0.026000
1712562466718460,0,114484600,11.313799,46.434250,286.710500,240.662100,0.000000,0.000000,0.000500,0.000100,0.019300,0.026200
1712562466824040,0,114484700,11.313796,46.434241,286.709200,240.660800,-0.000000,0.000000,0.000200,-0.000200,0.019400,0.026400
1712562466923498,0,114484800,11.313793,46.434231,286.706000,240.657500,-0.000000,0.000000,0.000000,-0.000500,0.020300,0.027500
1712562467026581,0,114484900,11.313790,46.434221,286.707000,240.658600,-0.000000,0.000000,0.000000,-0.000400,0.019500,0.026400
1712562467149802,0,114485000,11.313786,46.434209,286.713600,240.665100,-0.000000,0.000000,-0.000400,0.000100,0.018500,0.025100
1712562467223323,0,114485100,11.313783,46.434197,286.715700,240.667300,0.000000,-0.000000,-0.000300,0.000300,0.018300,0.024800
1712562467324449,0,114485200,11.313779,46.434185,286.710400,240.661900,0.000000,-0.000000,0.000400,-0.000100,0.016600,0.022400
1712562467424020,0,114485300,11.313776,46.434172,286.710900,240.662500,0.000000,0.000000,-0.000100,0.000500,0.018300,0.024800
1712562467523544,0,114485400,11.313772,46.434158,286.709700,240.661200,-0.000000,0.000000,-0.000300,0.000200,0.018400,0.024800
1712562467619011,0,114485500,11.313767,46.434143,286.706200,240.657800,-0.000000,-0.000000,0.000200,-0.000200,0.017900,0.024500
1712562467724255,0,114485600,11.313763,46.434128,286.715000,240.666600,-0.000000,0.000000,0.000000,-0.000400,0.018300,0.025100
1712562467823863,0,114485700,11.313759,46.434112,286.696000,240.647600,0.000000,-0.000000,0.000000,-0.000400,0.018300,0.025100
1712562467924114,0,114485800,11.313754,46.434096,286.707900,240.659400,0.000000,-0.000000,-0.000100,0.000400,0.018500,0.025400
1712562468023655,0,114485900,11.313748,46.434080,286.701300,240.652800,-0.000000,0.000000,0.000300,-0.000200,0.018100,0.024800
1712562468136387,0,114486000,11.313743,46.434062,286.699400,240.651000,-0.000000,-0.000000,0.000400,0.000000,0.017600,0.023800
1712562468231441,0,114486100,11.313737,46.434045,286.707100,240.658700,-0.000000,-0.000000,0.000100,-0.000300,0.017900,0.024300
1712562468324167,0,114486200,11.313732,46.434028,286.700600,240.652200,-0.000000,-0.000000,-0.000400,0.000200,0.018100,0.024800
1712562468422115,0,114486300,11.313726,46.434012,286.701000,240.652600,-0.000000,-0.000000,0.000000,-0.000400,0.017000,0.023400
1712562468517391,0,114486400,11.313721,46.433996,286.694400,240.645900,0.000000,0.000000,0.000400,-0.000100,0.016800,0.023000
1712562468622170,0,114486500,11.313715,46.433981,286.699400,240.650900,0.000000,-0.000000,0.000400,-0.000100,0.016400,0.022500
1712562468722306,0,114486600,11.313709,46.433966,286.694000,240.645500,0.000000,0.000000,0.000000,-0.000500,0.017200,0.023600
1712562468823836,0,114486700,11.313702,46.433952,286.702900,240.654400,-0.000000,-0.000000,-0.000100,0.000400,0.022100,0.030400
1712562468923510,0,114486800,11.313694,46.433938,286.699800,240.651400,-0.000000,-0.000000,-0.000200,0.000400,0.023500,0.032500
1712562469067561,0,114486900,11.313685,46.433925,286.731600,240.683200,-0.000000,0.000000,-0.000400,0.000200,0.020500,0.028300
1712562469244280,0,114487100,11.313664,46.433901,286.714700,240.666200,-0.000000,0.000000,-0.000300,0.000200,0.017200,0.023600
1712562469322784,0,114487200,11.313652,46.433891,286.713400,240.665000,0.000000,0.000000,0.000400,0.000000,0.015800,0.021400
1712562469419428,0,114487300,11.313639,46.433881,286.710300,240.661900,-0.000000,0.000000,0.000300,-0.000100,0.015200,0.020200
1712562469524685,0,114487400,11.313625,46.433872,286.703300,240.654800,-0.000000,0.000000,0.000300,-0.000200,0.015500,0.020800
1712562469622559,0,114487500,11.313610,46.433865,286.652200,240.603700,0.000000,0.000000,0.000200,-0.000300,0.016300,0.023500
1712562469722578,0,114487600,11.313595,46.433858,286.615100,240.566600,-0.000000,0.000000,0.000100,-0.000400,0.016500,0.024500
1712562469821215,0,114487700,11.313581,46.433853,286.622100,240.573600,-0.000000,0.000000,0.000100,-0.000400,0.016500,0.024600
1712562469923050,0,114487800,11.313567,46.433848,286.664100,240.615600,-0.000000,-0.000000,0.000100,-0.000400,0.015400,0.021900
1712562470024857,0,114487900,11.313554,46.433844,286.613700,240.565100,-0.000000,-0.000000,-0.000300,0.000100,0.014900,0.019600
1712562470132173,0,114488000,11.313542,46.433840,286.712700,240.664200,-0.000000,-0.000000,-0.000300,0.000200,0.018700,0.027100
1712562470223413,0,114488100,11.313530,46.433837,286.713600,240.665000,-0.000000,-0.000000,-0.000400,0.000000,0.022700,0.034200
1712562470322504,0,114488200,11.313520,46.433832,286.712500,240.663900,-0.000000,-0.000000,0.000500,-0.000100,0.020700,0.030700
1712562470422809,0,114488300,11.313510,46.433827,286.717900,240.669300,0.000000,-0.000000,-0.000100,0.000300,0.021000,0.031300
1712562470522571,0,114488400,11.313501,46.433822,286.722200,240.673600,0.000000,-0.000000,0.000200,-0.000400,0.022800,0.034600
1712562470631925,0,114488500,11.313494,46.433816,286.715100,240.666500,-0.000000,-0.000000,0.000100,0.000500,0.024800,0.037600
1712562470726629,0,114488600,11.313488,46.433811,286.692100,240.643500,-0.000000,0.000000,0.000100,0.000500,0.023000,0.035400
1712562470823844,0,114488700,11.313483,46.433805,286.668500,240.619900,0.000000,-0.000000,0.000500,-0.000100,0.025000,0.043300
1712562470921445,0,114488800,11.313480,46.433799,286.685600,240.637000,-0.000000,0.000000,-0.000400,0.000000,0.023400,0.040100
1712562471027647,0,114488900,11.313477,46.433792,286.756300,240.707700,-0.000000,-0.000000,0.000300,-0.000300,0.024300,0.041600
1712562471126857,0,114489000,11.313476,46.433786,286.642400,240.593800,0.000000,-0.000000,0.000400,-0.000200,0.019200,0.028700
1712562471236655,0,114489100,11.313477,46.433780,286.634800,240.586200,0.000000,0.000000,-0.000200,0.000200,0.017700,0.025800
1712562471321026,0,114489200,11.313478,46.433774,286.650100,240.601500,-0.000000,-0.000000,0.000100,0.000500,0.018500,0.027600
1712562471422903,0,114489300,11.313479,46.433768,286.671900,240.623300,0.000000,0.000000,-0.000100,0.000300,0.020000,0.030400
1712562471524041,0,114489400,11.313482,46.433762,286.603200,240.554600,0.000000,0.000000,0.000200,-0.000400,0.022800,0.035200
1712562471621590,0,114489500,11.313487,46.433757,286.676100,240.627500,0.000000,-0.000000,0.000100,0.000500,0.020100,0.031800
1712562471723179,0,114489600,11.313492,46.433752,286.583400,240.534800,-0.000000,0.000000,0.000400,-0.000200,0.018800,0.029900
1712562471821683,0,114489700,11.313499,46.433747,286.609200,240.560600,0.000000,0.000000,0.000200,-0.000400,0.017700,0.027700
1712562471924380,0,114489800,11.313506,46.433742,286.611700,240.563100,-0.000000,0.000000,-0.000300,0.000100,0.017000,0.025700
1712562472020829,0,114489900,11.313514,46.433737,286.624900,240.576300,0.000000,0.000000,-0.000100,0.000300,0.016300,0.024100
1712562472123617,0,114490000,11.313521,46.433731,286.664000,240.615500,-0.000000,-0.000000,0.000000,0.000500,0.015300,0.020300
1712562472226725,0,114490100,11.313529,46.433725,286.681600,240.633000,0.000000,0.000000,-0.000400,0.000000,0.016300,0.022600
1712562472325129,0,114490200,11.313536,46.433719,286.697500,240.648900,-0.000000,-0.000000,0.000500,-0.000100,0.017000,0.024000
1712562472430829,0,114490300,11.313541,46.433712,286.697800,240.649200,-0.000000,0.000000,-0.000200,0.000200,0.018000,0.026000
1712562472525570,0,114490400,11.313546,46.433705,286.716500,240.667900,0.000000,0.000000,0.000500,-0.000100,0.021400,0.032400
1712562472629627,0,114490500,11.313549,46.433697,286.747900,240.699400,0.000000,-0.000000,-0.000100,0.000400,0.021900,0.033400
1712562472729519,0,114490600,11.313551,46.433689,286.766300,240.717800,0.000000,-0.000000,0.000300,-0.000200,0.020900,0.031800
1712562472829660,0,114490700,11.313552,46.433681,286.773800,240.725300,0.000000,-0.000000,-0.000200,0.000300,0.019700,0.029400
1712562472922555,0,114490800,11.313553,46.433673,286.799000,240.750500,0.000000,0.000000,0.000000,-0.000500,0.020900,0.031800
1712562473020779,0,114490900,11.313552,46.433665,286.751900,240.703300,-0.000000,0.000000,-0.000100,0.000300,0.021800,0.033000
1712562473129493,0,114491000,11.313550,46.433657,286.771400,240.722900,0.000000,0.000000,0.000400,-0.000100,0.019000,0.028800
1712562473237909,0,114491100,11.313547,46.433649,286.789000,240.740500,0.000000,0.000000,0.000000,0.000500,0.018500,0.027700
1712562473372501,0,114491200,11.313543,46.433641,286.771000,240.722500,-0.000000,-0.000000,0.000000,0.000500,0.017200,0.024700
1712562473524169,0,114491400,11.313531,46.433626,286.763800,240.715300,-0.000000,0.000000,-0.000200,0.000300,0.017300,0.025100
1712562473625505,0,114491500,11.313523,46.433620,286.741100,240.692600,-0.000000,0.000000,0.000100,-0.000400,0.017000,0.024700
1712562473725303,0,114491600,11.313514,46.433614,286.692600,240.644000,0.000000,-0.000000,-0.000400,0.000000,0.016400,0.023300
1712562473823910,0,114491700,11.313505,46.433609,286.708000,240.659500,0.000000,0.000000,0.000000,0.000500,0.015700,0.022600
1712562473918737,0,114491800,11.313494,46.433603,286.709200,240.660600,-0.000000,0.000000,0.000200,-0.000400,0.014900,0.020600
1712562474029037,0,114491900,11.313484,46.433598,286.687800,240.639300,0.000000,0.000000,-0.000200,0.000300,0.014800,0.020300
1712562474134518,0,114492000,11.313475,46.433592,286.709200,240.660700,-0.000000,0.000000,0.000200,-0.000300,0.015000,0.019300
1712562474236024,0,114492100,11.313465,46.433586,286.716100,240.667500,0.000000,0.000000,0.000100,-0.000500,0.016200,0.022200
1712562474325499,0,114492200,11.313457,46.433578,286.732900,240.684300,0.000000,0.000000,-0.000100,0.000300,0.017100,0.024000
1712562474471258,0,114492300,11.313449,46.433570,286.721700,240.673100,0.000000,-0.000000,-0.000300,0.000100,0.016300,0.022400
1712562474626485,0,114492500,11.313435,46.433552,286.713500,240.664900,0.000000,0.000000,-0.000500,-0.000100,0.016200,0.022100
1712562474724138,0,114492600,11.313429,46.433541,286.729000,240.680400,-0.000000,-0.000000,0.000000,0.000400,0.015900,0.021500
1712562474817668,0,114492700,11.313424,46.433531,286.749800,240.701200,-0.000000,0.000000,-0.000200,0.000200,0.016200,0.022300
1712562474926665,0,114492800,11.313421,46.433519,286.734100,240.685500,-0.000000,0.000000,0.000100,0.000500,0.015900,0.021700
1712562475028901,0,114492900,11.313417,46.433507,286.726100,240.677500,0.000000,0.000000,0.000100,0.000500,0.015300,0.020300
1712562475134151,0,114493000,11.313414,46.433495,286.695300,240.646700,-0.000000,0.000000,0.000300,-0.000300,0.015400,0.019900
1712562475245684,0,114493100,11.313411,46.433482,286.710200,240.661600,0.000000,0.000000,0.000200,-0.000400,0.016100,0.021600
1712562475325981,0,114493200,11.313408,46.433468,286.705500,240.656900,0.000000,-0.000000,-0.000500,-0.000100,0.016600,0.022500
1712562475428630,0,114493300,11.313405,46.433454,286.711100,240.662500,-0.000000,0.000000,0.000100,0.000500,0.016300,0.022000
1712562475526328,0,114493400,11.313402,46.433440,286.702200,240.653600,-0.000000,0.000000,0.000200,-0.000400,0.015900,0.021400
1712562475629595,0,114493500,11.313398,46.433425,286.699800,240.651200,-0.000000,0.000000,-0.000200,0.000200,0.015600,0.021000
1712562475721278,0,114493600,11.313393,46.433410,286.708600,240.660000,0.000000,-0.000000,-0.000400,0.000000,0.015700,0.021200
1712562475824846,0,114493700,11.313388,46.433395,286.701400,240.652800,0.000000,0.000000,0.000400,-0.000200,0.015900,0.021700
1712562475923848,0,114493800,11.313383,46.433380,286.702000,240.653400,-0.000000,-0.000000,0.000000,0.000400,0.017200,0.024600
1712562476024245,0,114493900,11.313376,46.433367,286.709600,240.661000,0.000000,0.000000,-0.000400,0.000000,0.017200,0.024600
1712562476136423,0,114494000,11.313368,46.433354,286.673800,240.625200,-0.000000,-0.000000,-0.000200,0.000200,0.019400,0.028100
1712562476241577,0,114494100,11.313359,46.433341,286.722100,240.673500,0.000000,-0.000000,0.000100,0.000500,0.016700,0.022900
1712562476324314,0,114494200,11.313349,46.433330,286.714500,240.665800,-0.000000,0.000000,0.000500,-0.000200,0.016800,0.023200
1712562476422687,0,114494300,11.313338,46.433320,286.678900,240.630300,-0.000000,-0.000000,-0.000100,0.000300,0.018200,0.026200
1712562476552514,0,114494400,11.313327,46.433311,286.682800,240.634100,-0.000000,0.000000,-0.000200,0.000100,0.016600,0.022900
1712562476622161,0,114494500,11.313314,46.433303,286.671200,240.622600,-0.000000,0.000000,0.000200,-0.000400,0.016100,0.021900
1712562476722307,0,114494600,11.313301,46.433296,286.684200,240.635600,-0.000000,-0.000000,0.000200,-0.000400,0.015300,0.020100
1712562476826001,0,114494700,11.313287,46.433290,286.679400,240.630700,-0.000000,0.000000,0.000400,-0.000300,0.017200,0.024500
1712562476923099,0,114494800,11.313274,46.433285,286.730800,240.682100,-0.000000,0.000000,-0.000200,0.000100,0.017100,0.024500
1712562477025603,0,114494900,11.313260,46.433282,286.752500,240.703800,-0.000000,0.000000,0.000500,-0.000200,0.017100,0.020300
1712562477129439,0,114495000,11.313246,46.433279,286.718700,240.670000,-0.000000,-0.000000,-0.000300,0.000000,0.015100,0.017200
1712562477242321,0,114495100,11.313233,46.433278,286.708500,240.659800,0.000000,0.000000,0.000500,-0.000200,0.016400,0.017500
1712562477324094,0,114495200,11.313220,46.433278,286.728000,240.679200,-0.000000,-0.000000,0.000000,0.000200,0.018000,0.020000
1712562477422265,0,114495300,11.313208,46.433279,286.632300,240.583600,0.000000,0.000000,0.000300,-0.000400,0.019400,0.021300
1712562477517544,0,114495400,11.313196,46.433281,286.601800,240.553000,-0.000000,-0.000000,-0.000200,0.000000,0.019300,0.021200
1712562477626239,0,114495500,11.313185,46.433284,286.612400,240.563600,-0.000000,-0.000000,0.000400,-0.000400,0.018500,0.019700
1712562477723397,0,114495600,11.313175,46.433287,286.600700,240.551900,-0.000000,-0.000000,-0.000300,-0.000100,0.020300,0.017800
1712562477824432,0,114495700,11.313166,46.433292,286.603300,240.554500,0.000000,0.000000,0.000300,-0.000500,0.021400,0.019500
1712562477923338,0,114495800,11.313158,46.433298,286.599900,240.551100,0.000000,0.000000,-0.000100,0.000100,0.022800,0.021400
1712562478021798,0,114495900,11.313150,46.433304,286.586800,240.538000,-0.000000,0.000000,-0.000200,0.000000,0.021400,0.019200
1712562478130886,0,114496000,11.313143,46.433311,286.544600,240.495800,0.000000,0.000000,-0.000400,-0.000200,0.014100,0.015100
1712562478233282,0,114496100,11.313136,46.433318,286.640100,240.591300,0.000000,0.000000,0.000100,0.000300,0.014800,0.018900
1712562478326188,0,114496200,11.313131,46.433325,286.650600,240.601800,-0.000000,-0.000000,-0.000400,-0.000200,0.015100,0.019700
1712562478418568,0,114496300,11.313126,46.433333,286.643900,240.595000,0.000000,0.000000,-0.000100,0.000000,0.016400,0.023100
1712562478523221,0,114496400,11.313123,46.433341,286.638700,240.589800,-0.000000,-0.000000,-0.000300,-0.000200,0.017100,0.024600
1712562478626614,0,114496500,11.313122,46.433350,286.635600,240.586700,0.000000,0.000000,-0.000400,-0.000300,0.015700,0.021700
1712562478724355,0,114496600,11.313121,46.433359,286.619900,240.571100,0.000000,0.000000,-0.000100,0.000100,0.015100,0.020400
1712562478823423,0,114496700,11.313122,46.433368,286.631600,240.582800,-0.000000,-0.000000,-0.000400,-0.000200,0.015300,0.021500
1712562478924673,0,114496800,11.313124,46.433377,286.593900,240.545100,0.000000,-0.000000,-0.000100,0.000100,0.014700,0.019400
1712562479026639,0,114496900,11.313127,46.433385,286.658900,240.610000,-0.000000,0.000000,-0.000100,0.000000,0.014100,0.017600
1712562479131415,0,114497000,11.313132,46.433394,286.594700,240.545800,0.000000,-0.000000,-0.000300,-0.000200,0.014700,0.018700
1712562479283696,0,114497100,11.313138,46.433402,286.584100,240.535300,0.000000,0.000000,0.000100,0.000300,0.014600,0.020400
1712562479425669,0,114497300,11.313153,46.433417,286.573100,240.524300,0.000000,-0.000000,0.000100,0.000300,0.015600,0.023400
1712562479525317,0,114497400,11.313162,46.433423,286.566900,240.518100,-0.000000,-0.000000,-0.000100,0.000100,0.016700,0.026100
1712562479622536,0,114497500,11.313172,46.433427,286.542100,240.493200,0.000000,-0.000000,0.000100,0.000200,0.016500,0.022800
1712562479724574,0,114497600,11.313182,46.433432,286.550900,240.502100,-0.000000,0.000000,-0.000100,0.000100,0.015500,0.020800
1712562479824022,0,114497700,11.313194,46.433435,286.539500,240.490700,0.000000,0.000000,0.000500,-0.000300,0.017100,0.024900
1712562479926633,0,114497800,11.313206,46.433437,286.514000,240.465200,-0.000000,0.000000,0.000000,0.000200,0.016100,0.022300
1712562480029562,0,114497900,11.313218,46.433439,286.514700,240.465900,-0.000000,-0.000000,-0.000300,-0.000100,0.017000,0.023100
1712562480134345,0,114498000,11.313231,46.433439,286.500500,240.451800,0.000000,-0.000000,-0.000500,-0.000200,0.014300,0.014000
1712562480232808,0,114498100,11.313244,46.433439,286.491100,240.442300,-0.000000,0.000000,0.000100,0.000300,0.014900,0.015000
1712562480324520,0,114498200,11.313257,46.433438,286.489600,240.440900,-0.000000,-0.000000,-0.000400,-0.000100,0.014800,0.014800
1712562480424771,0,114498300,11.313270,46.433438,286.509300,240.460600,0.000000,0.000000,0.000300,-0.000400,0.014600,0.014100
1712562480526572,0,114498400,11.313284,46.433438,286.525700,240.477000,-0.000000,0.000000,-0.000300,0.000000,0.014400,0.014200
1712562480623545,0,114498500,11.313297,46.433438,286.536000,240.487300,-0.000000,-0.000000,0.000000,0.000300,0.014100,0.013400
1712562480724844,0,114498600,11.313311,46.433439,286.546500,240.497800,-0.000000,-0.000000,0.000500,-0.000200,0.014800,0.013000
1712562480824306,0,114498700,11.313324,46.433442,286.566400,240.517700,0.000000,-0.000000,0.000400,-0.000300,0.014400,0.012300
1712562480921794,0,114498800,11.313337,46.433445,286.582200,240.533600,-0.000000,-0.000000,0.000200,-0.000400,0.014300,0.012300
1712562481021217,0,114498900,11.313349,46.433450,286.584200,240.535600,-0.000000,0.000000,0.000200,-0.000400,0.014100,0.011800
1712562481123213,0,114499000,11.313361,46.433455,286.632300,240.583600,0.000000,-0.000000,0.000300,-0.000400,0.014100,0.014400
1712562481240730,0,114499100,11.313372,46.433461,286.633800,240.585200,-0.000000,0.000000,-0.000200,0.000200,0.014100,0.015200
1712562481324631,0,114499200,11.313381,46.433468,286.640800,240.592200,0.000000,-0.000000,-0.000200,0.000200,0.014600,0.016100
1712562481429349,0,114499300,11.313390,46.433476,286.669700,240.621100,0.000000,-0.000000,-0.000300,0.000100,0.014500,0.015700
1712562481526314,0,114499400,11.313397,46.433485,286.704800,240.656200,0.000000,-0.000000,-0.000200,0.000200,0.015000,0.016800
1712562481625390,0,114499500,11.313403,46.433494,286.688400,240.639800,-0.000000,-0.000000,0.000400,-0.000200,0.015400,0.019000
1712562481729156,0,114499600,11.313406,46.433503,286.655700,240.607100,0.000000,0.000000,-0.000300,0.000100,0.016100,0.021300
1712562481821855,0,114499700,11.313409,46.433512,286.693100,240.644500,-0.000000,-0.000000,0.000100,0.000500,0.016000,0.022400
1712562481923309,0,114499800,11.313409,46.433522,286.756600,240.708000,-0.000000,0.000000,-0.000400,0.000000,0.015700,0.024200
1712562482015892,0,114499900,11.313408,46.433531,286.817300,240.768700,-0.000000,0.000000,0.000300,-0.000300,0.015100,0.021700
1712562482176184,0,114500000,11.313405,46.433541,286.719300,240.670700,-0.000000,-0.000000,0.000300,-0.000300,0.014200,0.017700
1712562482324535,0,114500200,11.313395,46.433559,286.718800,240.670200,-0.000000,0.000000,-0.000200,0.000200,0.016000,0.022200
1712562482423813,0,114500300,11.313387,46.433568,286.688900,240.640300,0.000000,-0.000000,-0.000100,0.000300,0.015700,0.021700
1712562482524753,0,114500400,11.313379,46.433575,286.669600,240.620900,0.000000,-0.000000,-0.000400,-0.000100,0.016300,0.023000
1712562482652656,0,114500500,11.313368,46.433582,286.766300,240.717600,-0.000000,-0.000000,0.000300,-0.000400,0.014900,0.020300
1712562482723464,0,114500600,11.313358,46.433588,286.575600,240.527000,-0.000000,0.000000,-0.000400,0.000000,0.027800,0.063600
1712562482821741,0,114500700,11.313346,46.433593,286.644100,240.595500,0.000000,-0.000000,0.000100,0.000500,0.027700,0.063200
1712562482923675,0,114500800,11.313333,46.433597,286.593500,240.544800,0.000000,-0.000000,-0.000500,-0.000200,0.027500,0.063300
1712562483023804,0,114500900,11.313320,46.433600,286.441500,240.392800,0.000000,-0.000000,0.000500,-0.000200,0.027500,0.063800
1712562483136470,0,114501000,11.313306,46.433602,286.492300,240.443500,-0.000000,-0.000000,0.000300,-0.000500,0.014100,0.015500
1712562483243746,0,114501100,11.313293,46.433602,286.450400,240.401600,0.000000,-0.000000,0.000400,-0.000400,0.014100,0.014100
1712562483332826,0,114501200,11.313280,46.433601,286.430900,240.382200,-0.000000,0.000000,-0.000100,0.000200,0.014100,0.013700
1712562483423398,0,114501300,11.313267,46.433599,286.483900,240.435100,-0.000000,0.000000,-0.000100,0.000100,0.015500,0.015000
1712562483531249,0,114501400,11.313254,46.433596,286.451000,240.402300,-0.000000,0.000000,0.000000,0.000300,0.019100,0.020600
1712562483629950,0,114501500,11.313242,46.433592,286.487300,240.438500,0.000000,-0.000000,0.000300,0.000500,0.021200,0.024000
1712562483723379,0,114501600,11.313231,46.433586,286.565500,240.516700,-0.000000,-0.000000,0.000500,-0.000300,0.020800,0.024400
1712562483819125,0,114501700,11.313221,46.433580,286.558900,240.510100,0.000000,0.000000,-0.000100,0.000100,0.022200,0.027300
1712562483923952,0,114501800,11.313212,46.433572,286.592400,240.543600,0.000000,0.000000,0.000400,-0.000400,0.024400,0.031600
1712562484022727,0,114501900,11.313204,46.433565,286.600200,240.551400,-0.000000,-0.000000,0.000200,0.000400,0.027900,0.038100
1712562484134221,0,114502000,11.313197,46.433557,286.599500,240.550700,0.000000,-0.000000,-0.000500,-0.000300,0.019200,0.027500
1712562484232822,0,114502100,11.313191,46.433549,286.605500,240.556700,0.000000,-0.000000,0.000500,-0.000300,0.020600,0.029500
1712562484325484,0,114502200,11.313187,46.433541,286.638000,240.589200,-0.000000,0.000000,0.000000,0.000200,0.019200,0.026800
1712562484428723,0,114502300,11.313183,46.433534,286.635200,240.586400,-0.000000,-0.000000,0.000200,0.000400,0.017100,0.022800
1712562484526317,0,114502400,11.313179,46.433528,286.609800,240.561000,0.000000,-0.000000,-0.000200,0.000000,0.018100,0.025100
1712562484622886,0,114502500,11.313174,46.433522,286.600900,240.552100,-0.000000,-0.000000,-0.000100,0.000100,0.017600,0.024100
1712562484717812,0,114502600,11.313169,46.433517,286.606500,240.557700,0.000000,-0.000000,-0.000500,-0.000300,0.016700,0.022400
1712562484822705,0,114502700,11.313163,46.433512,286.601600,240.552700,0.000000,0.000000,-0.000400,-0.000300,0.016600,0.022100
1712562484923814,0,114502800,11.313157,46.433508,286.545200,240.496400,-0.000000,0.000000,0.000200,0.000400,0.016500,0.022100
1712562485026305,0,114502900,11.313150,46.433505,286.568200,240.519300,-0.000000,-0.000000,0.000200,0.000300,0.015900,0.020900
1712562485137756,0,114503000,11.313143,46.433502,286.618400,240.569500,-0.000000,0.000000,0.000400,-0.000500,0.016500,0.021600
1712562485239388,0,114503100,11.313135,46.433501,286.629000,240.580200,-0.000000,0.000000,0.000000,0.000200,0.015700,0.020800
1712562485339395,0,114503200,11.313128,46.433501,286.581900,240.533000,-0.000000,0.000000,-0.000100,0.000000,0.016000,0.021300
1712562485422258,0,114503300,11.313120,46.433501,286.697500,240.648600,0.000000,0.000000,0.000500,-0.000400,0.018000,0.025300
1712562485529244,0,114503400,11.313113,46.433502,286.670900,240.622000,0.000000,-0.000000,-0.000100,0.000000,0.016900,0.023800
1712562485625315,0,114503500,11.313106,46.433504,286.645000,240.596100,-0.000000,0.000000,0.000000,0.000100,0.018900,0.027600
1712562485726576,0,114503600,11.313099,46.433507,286.637400,240.588500,0.000000,0.000000,0.000400,0.000500,0.017800,0.025800
1712562485835677,0,114503700,11.313092,46.433510,286.654900,240.606000,-0.000000,0.000000,-0.000100,0.000000,0.016600,0.023300
1712562485934915,0,114503800,11.313086,46.433514,286.660100,240.611200,-0.000000,-0.000000,0.000100,0.000200,0.017000,0.024900
1712562486023926,0,114503900,11.313081,46.433518,286.685500,240.636600,0.000000,-0.000000,-0.000500,-0.000400,0.015900,0.023000
1712562486146621,0,114504000,11.313077,46.433524,286.735400,240.686400,0.000000,-0.000000,0.000400,0.000400,0.016000,0.021800
1712562486223999,0,114504100,11.313073,46.433530,286.758000,240.709100,-0.000000,0.000000,0.000000,0.000100,0.016100,0.022200
1712562486323323,0,114504200,11.313070,46.433536,286.692300,240.643300,-0.000000,-0.000000,0.000300,0.000300,0.016500,0.023700
1712562486423893,0,114504300,11.313068,46.433543,286.703000,240.654100,0.000000,-0.000000,0.000000,0.000100,0.015700,0.021800
1712562486519563,0,114504400,11.313067,46.433550,286.705800,240.656900,0.000000,0.000000,-0.000200,-0.000100,0.015000,0.020300
1712562486622446,0,114504500,11.313066,46.433557,286.658000,240.609100,-0.000000,-0.000000,0.000000,0.000100,0.015500,0.021400
1712562486722980,0,114504600,11.313067,46.433565,286.658800,240.609900,0.000000,0.000000,-0.000200,-0.000100,0.015500,0.021500
1712562486824283,0,114504700,11.313068,46.433573,286.653500,240.604600,0.000000,-0.000000,-0.000500,-0.000400,0.015500,0.021500
1712562486924600,0,114504800,11.313070,46.433581,286.663600,240.614700,0.000000,-0.000000,-0.000400,-0.000300,0.014500,0.018700
1712562487022515,0,114504900,11.313073,46.433589,286.678400,240.629500,-0.000000,0.000000,0.000400,0.000500,0.014100,0.017000
1712562487135767,0,114505000,11.313078,46.433597,286.689500,240.640600,0.000000,0.000000,-0.000500,-0.000400,0.014400,0.017300
1712562487241493,0,114505100,11.313083,46.433605,286.679800,240.630800,0.000000,0.000000,-0.000200,-0.000200,0.015200,0.018800
1712562487324718,0,114505200,11.313089,46.433614,286.625700,240.576800,-0.000000,0.000000,-0.000300,-0.000200,0.017600,0.023800
1712562487420885,0,114505300,11.313097,46.433622,286.611900,240.563000,-0.000000,-0.000000,-0.000100,0.000000,0.018300,0.025500
1712562487522593,0,114505400,11.313105,46.433629,286.620500,240.571600,-0.000000,0.000000,-0.000500,-0.000400,0.019100,0.027000
1712562487621915,0,114505500,11.313115,46.433636,286.662000,240.613100,-0.000000,0.000000,0.000000,0.000100,0.018500,0.027600
1712562487724434,0,114505600,11.313125,46.433643,286.648000,240.599100,0.000000,0.000000,0.000000,0.000100,0.017500,0.026500
1712562487822433,0,114505700,11.313136,46.433649,286.631100,240.582200,-0.000000,-0.000000,0.000100,0.000200,0.016200,0.022900
1712562487921081,0,114505800,11.313148,46.433654,286.656000,240.607100,-0.000000,0.000000,0.000000,0.000100,0.015900,0.022200
1712562488022014,0,114505900,11.313161,46.433657,286.669500,240.620700,-0.000000,0.000000,-0.000500,-0.000300,0.019100,0.021400
1712562488134816,0,114506000,11.313173,46.433660,286.618000,240.569100,-0.000000,0.000000,0.000000,0.000100,0.015000,0.018200
1712562488234954,0,114506100,11.313186,46.433661,286.601100,240.552300,0.000000,-0.000000,0.000100,0.000300,0.016100,0.020200
1712562488316021,0,114506200,11.313199,46.433661,286.565800,240.516900,-0.000000,0.000000,-0.000200,-0.000100,0.016900,0.021400
1712562488421521,0,114506300,11.313211,46.433660,286.577500,240.528700,0.000000,0.000000,0.000500,-0.000300,0.017000,0.021600
1712562488521771,0,114506400,11.313223,46.433658,286.567800,240.519000,-0.000000,-0.000000,-0.000200,0.000000,0.016300,0.020400
1712562488623080,0,114506500,11.313235,46.433656,286.542300,240.493500,0.000000,0.000000,0.000300,-0.000500,0.015500,0.018600
1712562488722525,0,114506600,11.313247,46.433654,286.530700,240.481900,-0.000000,0.000000,-0.000300,-0.000100,0.016000,0.019600
1712562488822811,0,114506700,11.313259,46.433653,286.533400,240.484600,0.000000,-0.000000,0.000400,-0.000400,0.016300,0.020100
1712562488925036,0,114506800,11.313271,46.433653,286.506800,240.458000,-0.000000,-0.000000,-0.000200,0.000000,0.015200,0.018000
1712562489023030,0,114506900,11.313283,46.433653,286.501200,240.452400,-0.000000,0.000000,0.000200,0.000400,0.015200,0.017900
1712562489177791,0,114507000,11.313294,46.433655,286.479000,240.430200,-0.000000,0.000000,0.000000,0.000200,0.015300,0.018200
1712562489344962,0,114507200,11.313315,46.433661,286.464900,240.416200,0.000000,0.000000,-0.000100,0.000200,0.014100,0.014300
1712562489428447,0,114507300,11.313324,46.433665,286.459700,240.410900,0.000000,-0.000000,-0.000300,-0.000100,0.014100,0.014500
1712562489522773,0,114507400,11.313333,46.433670,286.494000,240.445300,0.000000,-0.000000,0.000000,0.000300,0.014100,0.015500
1712562489624270,0,114507500,11.313341,46.433676,286.507000,240.458300,0.000000,0.000000,0.000000,0.000300,0.014100,0.015500
1712562489724157,0,114507600,11.313347,46.433683,286.542800,240.494100,-0.000000,-0.000000,-0.000200,0.000100,0.014100,0.016300
1712562489824810,0,114507700,11.313351,46.433690,286.466100,240.417400,0.000000,0.000000,0.000100,0.000400,0.018800,0.035200
1712562489920846,0,114507800,11.313354,46.433697,286.581500,240.532800,0.000000,-0.000000,0.000500,-0.000200,0.020200,0.048500
1712562490019741,0,114507900,11.313355,46.433704,286.903100,240.854400,-0.000000,0.000000,0.000100,0.000400,0.020700,0.049500
1712562490126075,0,114508000,11.313355,46.433712,286.875500,240.826800,0.000000,0.000000,0.000500,-0.000200,0.020600,0.049300
1712562490231952,0,114508100,11.313354,46.433721,286.524200,240.475500,-0.000000,0.000000,0.000200,0.000500,0.015300,0.018100
1712562490324761,0,114508200,11.313351,46.433729,286.503300,240.454600,0.000000,-0.000000,0.000300,-0.000400,0.016200,0.020000
1712562490424739,0,114508300,11.313348,46.433738,286.515700,240.467000,0.000000,0.000000,-0.000300,0.000000,0.017600,0.023500
1712562490524149,0,114508400,11.313345,46.433746,286.521600,240.472900,0.000000,0.000000,-0.000400,-0.000100,0.017200,0.022700
1712562490622858,0,114508500,11.313343,46.433755,286.535000,240.486300,-0.000000,-0.000000,0.000000,0.000300,0.016100,0.020600
1712562490725839,0,114508600,11.313342,46.433764,286.525900,240.477200,0.000000,0.000000,-0.000100,0.000200,0.014900,0.018200
1712562490824439,0,114508700,11.313341,46.433773,286.517900,240.469100,0.000000,0.000000,-0.000100,0.000100,0.014600,0.017600
1712562490922429,0,114508800,11.313342,46.433783,286.508500,240.459700,0.000000,-0.000000,0.000500,-0.000300,0.014600,0.017600
1712562491019374,0,114508900,11.313345,46.433792,286.494900,240.446200,-0.000000,-0.000000,-0.000100,0.000200,0.014600,0.017500
1712562491132996,0,114509000,11.313349,46.433801,286.475200,240.426400,-0.000000,-0.000000,0.000200,0.000400,0.016700,0.024400
1712562491226662,0,114509100,11.313354,46.433810,286.502700,240.454000,0.000000,0.000000,-0.000300,0.000000,0.014700,0.017800
1712562491339927,0,114509200,11.313361,46.433819,286.442000,240.393200,-0.000000,-0.000000,0.000000,0.000200,0.017400,0.023500
1712562491426752,0,114509300,11.313369,46.433828,286.399400,240.350600,0.000000,0.000000,0.000400,-0.000400,0.017100,0.022800
1712562491522079,0,114509400,11.313378,46.433835,286.415400,240.366700,0.000000,-0.000000,0.000400,-0.000300,0.015600,0.022000
1712562491627983,0,114509500,11.313388,46.433843,286.399100,240.350400,-0.000000,-0.000000,0.000100,0.000400,0.014600,0.020500
1712562491724681,0,114509600,11.313399,46.433850,286.406700,240.358000,0.000000,-0.000000,-0.000300,0.000000,0.014600,0.018600
1712562491822707,0,114509700,11.313412,46.433856,286.435900,240.387200,-0.000000,-0.000000,-0.000100,0.000200,0.014200,0.019000
1712562491916793,0,114509800,11.313425,46.433863,286.455600,240.407000,0.000000,0.000000,-0.000400,0.000000,0.014100,0.017100
1712562492022199,0,114509900,11.313439,46.433869,286.461300,240.412600,-0.000000,-0.000000,0.000300,-0.000400,0.014100,0.017000
1712562492138468,0,114510000,11.313453,46.433875,286.503400,240.454700,-0.000000,0.000000,0.000400,-0.000300,0.014100,0.012400
1712562492237603,0,114510100,11.313467,46.433881,286.513200,240.464500,0.000000,-0.000000,0.000200,-0.000500,0.014100,0.012600
1712562492323852,0,114510200,11.313482,46.433887,286.535000,240.486400,0.000000,0.000000,0.000000,0.000400,0.014100,0.013100
1712562492428940,0,114510300,11.313496,46.433895,286.558700,240.510000,-0.000000,-0.000000,-0.000300,0.000000,0.014100,0.014400
1712562492529226,0,114510400,11.313509,46.433903,286.570200,240.521600,-0.000000,0.000000,0.000200,-0.000400,0.014100,0.016900
1712562492624498,0,114510500,11.313522,46.433912,286.580900,240.532300,0.000000,0.000000,-0.000100,0.000300,0.015400,0.020500
1712562492726530,0,114510600,11.313535,46.433922,286.586700,240.538100,0.000000,0.000000,-0.000300,0.000100,0.016800,0.024000
1712562492817859,0,114510700,11.313546,46.433932,286.599800,240.551300,-0.000000,0.000000,-0.000200,0.000300,0.018100,0.026800
1712562492926654,0,114510800,11.313557,46.433944,286.598000,240.549500,-0.000000,-0.000000,0.000000,0.000500,0.017900,0.026400
1712562493026118,0,114510900,11.313567,46.433956,286.618000,240.569400,-0.000000,-0.000000,0.000000,0.000400,0.019500,0.030100
1712562493134934,0,114511000,11.313577,46.433968,286.609600,240.561000,0.000000,0.000000,-0.000400,0.000000,0.018300,0.026500
1712562493233105,0,114511100,11.313586,46.433982,286.626100,240.577500,0.000000,-0.000000,0.000100,-0.000500,0.017400,0.024400
1712562493364544,0,114511200,11.313594,46.433997,286.625500,240.576900,0.000000,0.000000,-0.000500,-0.000100,0.015700,0.021000
1712562493526336,0,114511400,11.313609,46.434028,286.591600,240.543100,0.000000,0.000000,-0.000400,0.000100,0.014500,0.019100
1712562493625727,0,114511500,11.313616,46.434044,286.599900,240.551400,-0.000000,-0.000000,-0.000100,0.000400,0.014100,0.017000
1712562493717798,0,114511600,11.313623,46.434062,286.587800,240.539300,0.000000,-0.000000,-0.000200,0.000300,0.014100,0.016700
1712562493824635,0,114511700,11.313630,46.434079,286.594300,240.545700,-0.000000,0.000000,0.000300,-0.000300,0.014100,0.017400
1712562493924483,0,114511800,11.313638,46.434098,286.580400,240.531900,0.000000,0.000000,0.000400,-0.000100,0.014100,0.017300
1712562494024947,0,114511900,11.313645,46.434116,286.582400,240.533900,0.000000,0.000000,0.000400,-0.000100,0.014100,0.017900
1712562494138036,0,114512000,11.313653,46.434135,286.620300,240.571800,-0.000000,0.000000,0.000300,-0.000200,0.014100,0.015800
1712562494241629,0,114512100,11.313660,46.434155,286.621000,240.572400,-0.000000,0.000000,0.000000,0.000400,0.014100,0.015400
1712562494326467,0,114512200,11.313668,46.434175,286.615000,240.566500,-0.000000,0.000000,0.000000,0.000500,0.014100,0.016400
1712562494425827,0,114512300,11.313676,46.434195,286.620300,240.571700,-0.000000,-0.000000,0.000300,-0.000300,0.014200,0.017700
1712562494528094,0,114512400,11.313684,46.434216,286.622400,240.573800,0.000000,0.000000,0.000400,-0.000200,0.014100,0.017500
1712562494619941,0,114512500,11.313692,46.434237,286.615900,240.567400,-0.000000,-0.000000,-0.000100,0.000400,0.014200,0.017700
1712562494725076,0,114512600,11.313700,46.434258,286.629800,240.581200,-0.000000,-0.000000,-0.000200,0.000200,0.014100,0.017200
1712562494825035,0,114512700,11.313708,46.434280,286.636400,240.587900,-0.000000,-0.000000,0.000400,-0.000100,0.014100,0.016000
1712562494925813,0,114512800,11.313716,46.434302,286.625000,240.576500,-0.000000,-0.000000,0.000000,0.000500,0.014100,0.016400
1712562495025037,0,114512900,11.313724,46.434324,286.635100,240.586600,-0.000000,-0.000000,0.000100,-0.000400,0.014100,0.016300
1712562495135920,0,114513000,11.313731,46.434344,286.646000,240.597500,0.000000,-0.000000,0.000000,-0.000500,0.014100,0.016500
1712562495226619,0,114513100,11.313738,46.434364,286.638900,240.590400,0.000000,-0.000000,-0.000100,0.000400,0.014100,0.016100
1712562495338960,0,114513200,11.313744,46.434383,286.638400,240.589900,0.000000,0.000000,0.000400,-0.000100,0.014100,0.015600
1712562495425078,0,114513300,11.313750,46.434400,286.647100,240.598600,0.000000,-0.000000,0.000100,-0.000400,0.014100,0.015700
1712562495519962,0,114513400,11.313755,46.434416,286.652000,240.603500,-0.000000,-0.000000,0.000000,-0.000500,0.014100,0.015800
1712562495625699,0,114513500,11.313759,46.434431,286.648000,240.599400,-0.000000,-0.000000,0.000000,0.000400,0.014100,0.015500
1712562495725512,0,114513600,11.313764,46.434445,286.651700,240.603200,0.000000,0.000000,-0.000300,0.000200,0.014100,0.015200
1712562495826598,0,114513700,11.313768,46.434459,286.655100,240.606600,-0.000000,-0.000000,0.000100,-0.000400,0.014100,0.015200
1712562495925927,0,114513800,11.313771,46.434471,286.644700,240.596200,0.000000,0.000000,-0.000300,0.000200,0.014100,0.015400
1712562496028242,0,114513900,11.313775,46.434482,286.660800,240.612300,0.000000,0.000000,-0.000200,0.000300,0.014100,0.015600
1712562496139853,0,114514000,11.313777,46.434493,286.658600,240.610100,-0.000000,0.000000,-0.000400,0.000100,0.014100,0.016400
1712562496238963,0,114514100,11.313778,46.434503,286.685600,240.637100,-0.000000,-0.000000,-0.000400,0.000100,0.014100,0.016800
1712562496325974,0,114514200,11.313778,46.434512,286.703600,240.655100,0.000000,0.000000,-0.000400,0.000100,0.014100,0.016700
1712562496419973,0,114514300,11.313778,46.434520,286.685000,240.636500,0.000000,-0.000000,0.000000,0.000500,0.014100,0.016600
1712562496530779,0,114514400,11.313775,46.434528,286.711700,240.663200,-0.000000,-0.000000,-0.000300,0.000200,0.014100,0.018500
1712562496628896,0,114514500,11.313772,46.434535,286.750400,240.701800,-0.000000,0.000000,0.000400,-0.000200,0.015200,0.024600
1712562496736740,0,114514600,11.313768,46.434542,286.746600,240.698000,0.000000,0.000000,-0.000400,0.000000,0.014900,0.023700
1712562496836127,0,114514700,11.313762,46.434548,286.688200,240.639700,0.000000,-0.000000,0.000200,-0.000300,0.014600,0.022400
1712562496933566,0,114514800,11.313757,46.434552,286.669200,240.620700,0.000000,0.000000,0.000200,-0.000300,0.014400,0.021700
1712562497031620,0,114514900,11.313750,46.434556,286.700300,240.651700,-0.000000,-0.000000,0.000300,-0.000300,0.014400,0.021600
1712562497134076,0,114515000,11.313742,46.434559,286.679100,240.630600,-0.000000,0.000000,0.000100,-0.000400,0.014100,0.017900
1712562497235886,0,114515100,11.313734,46.434561,286.642200,240.593600,-0.000000,-0.000000,0.000200,-0.000400,0.014100,0.017500
1712562497339531,0,114515200,11.313726,46.434561,286.659400,240.610800,0.000000,0.000000,0.000400,-0.000200,0.014100,0.018400
1712562497429013,0,114515300,11.313718,46.434561,286.648800,240.600200,0.000000,0.000000,-0.000200,0.000200,0.015300,0.022500
1712562497532161,0,114515400,11.313710,46.434560,286.653600,240.605000,-0.000000,-0.000000,-0.000400,0.000000,0.015500,0.020300
1712562497634081,0,114515500,11.313702,46.434559,286.545200,240.496600,-0.000000,-0.000000,0.000200,-0.000400,0.016600,0.022800
1712562497726182,0,114515600,11.313694,46.434555,286.630400,240.581800,0.000000,0.000000,0.000400,-0.000200,0.016400,0.022400
1712562497838090,0,114515700,11.313687,46.434551,286.633800,240.585200,-0.000000,0.000000,-0.000200,0.000200,0.016900,0.024000
1712562497934815,0,114515800,11.313681,46.434547,286.592900,240.544300,-0.000000,0.000000,-0.000100,0.000300,0.016600,0.024700
1712562498033865,0,114515900,11.313675,46.434541,286.657600,240.609000,-0.000000,0.000000,-0.000400,0.000000,0.016400,0.025600
1712562498149480,0,114516000,11.313671,46.434534,286.718000,240.669400,0.000000,-0.000000,0.000000,0.000400,0.016500,0.025900
1712562498224123,0,114516100,11.313668,46.434528,286.679200,240.630600,-0.000000,-0.000000,0.000200,-0.000400,0.021200,0.030700
1712562498327007,0,114516200,11.313667,46.434520,286.700800,240.652200,-0.000000,0.000000,-0.000200,0.000200,0.021100,0.030300
1712562498432766,0,114516300,11.313667,46.434513,286.687900,240.639300,0.000000,0.000000,-0.000100,0.000300,0.021600,0.031100
1712562498530705,0,114516400,11.313667,46.434506,286.698500,240.649800,0.000000,-0.000000,0.000500,-0.000200,0.022000,0.031800
1712562498629536,0,114516500,11.313667,46.434498,286.703800,240.655200,-0.000000,0.000000,-0.000200,0.000200,0.022900,0.033300
1712562498732007,0,114516600,11.313668,46.434490,286.730500,240.681900,0.000000,-0.000000,-0.000500,-0.000100,0.024400,0.036000
1712562498829728,0,114516700,11.313670,46.434481,286.724600,240.676000,-0.000000,0.000000,-0.000400,0.000000,0.025000,0.035900
1712562498926476,0,114516800,11.313671,46.434473,286.713900,240.665300,-0.000000,0.000000,-0.000100,0.000300,0.025000,0.035700
1712562499025103,0,114516900,11.313673,46.434464,286.708000,240.659400,0.000000,-0.000000,0.000000,0.000400,0.025000,0.035700
1712562499129249,0,114517000,11.313674,46.434454,286.742700,240.694100,0.000000,-0.000000,-0.000300,0.000100,0.025100,0.035900
1712562499228136,0,114517100,11.313675,46.434444,286.656500,240.607900,0.000000,-0.000000,-0.000500,-0.000100,0.016400,0.023000
1712562499339687,0,114517200,11.313675,46.434434,286.620300,240.571800,0.000000,0.000000,0.000300,-0.000200,0.017300,0.025000
1712562499426071,0,114517300,11.313675,46.434423,286.613800,240.565200,-0.000000,0.000000,-0.000200,0.000200,0.019100,0.028900
1712562499524598,0,114517400,11.313674,46.434412,286.622200,240.573600,-0.000000,0.000000,0.000200,-0.000400,0.019300,0.029300
1712562499624583,0,114517500,11.313673,46.434401,286.631800,240.583300,-0.000000,0.000000,-0.000200,0.000300,0.018500,0.027600
1712562499725787,0,114517600,11.313671,46.434389,286.637000,240.588400,0.000000,-0.000000,0.000000,0.000400,0.019100,0.028900
1712562499825237,0,114517700,11.313669,46.434377,286.643700,240.595100,0.000000,-0.000000,-0.000300,0.000100,0.019500,0.029600
1712562499924202,0,114517800,11.313666,46.434364,286.651500,240.602900,-0.000000,-0.000000,0.000500,-0.000100,0.020900,0.031800
1712562500020119,0,114517900,11.313663,46.434352,286.646300,240.597700,0.000000,-0.000000,0.000300,-0.000300,0.020400,0.031100
1712562500134018,0,114518000,11.313659,46.434339,286.632500,240.583900,-0.000000,0.000000,0.000500,-0.000100,0.017200,0.024700
1712562500239493,0,114518100,11.313655,46.434325,286.641100,240.592500,0.000000,0.000000,0.000100,-0.000500,0.017700,0.025700
1712562500326917,0,114518200,11.313652,46.434311,286.635000,240.586400,-0.000000,0.000000,0.000000,0.000400,0.018500,0.027500
1712562500425980,0,114518300,11.313647,46.434296,286.633600,240.585000,0.000000,0.000000,-0.000400,0.000000,0.018300,0.027000
1712562500526895,0,114518400,11.313643,46.434281,286.634000,240.585400,-0.000000,-0.000000,0.000000,0.000400,0.018800,0.028000
1712562500626189,0,114518500,11.313638,46.434266,286.635400,240.586800,0.000000,-0.000000,0.000400,-0.000200,0.018600,0.027700
1712562500727913,0,114518600,11.313634,46.434250,286.624100,240.575500,0.000000,-0.000000,0.000100,0.000500,0.019100,0.028500
1712562500826510,0,114518700,11.313629,46.434234,286.628100,240.579500,0.000000,0.000000,0.000100,-0.000500,0.018100,0.026500
1712562500922105,0,114518800,11.313623,46.434217,286.633000,240.584400,-0.000000,-0.000000,0.000000,0.000400,0.018400,0.026900
1712562501026055,0,114518900,11.313618,46.434200,286.626300,240.577800,0.000000,0.000000,0.000300,-0.000200,0.017600,0.025400
1712562501137194,0,114519000,11.313613,46.434182,286.628300,240.579700,-0.000000,0.000000,0.000300,-0.000300,0.017800,0.025700
1712562501229881,0,114519100,11.313607,46.434164,286.636400,240.587800,0.000000,0.000000,0.000400,-0.000200,0.018400,0.026900
1712562501342116,0,114519200,11.313601,46.434145,286.634700,240.586100,0.000000,-0.000000,-0.000300,0.000100,0.017900,0.025900
1712562501424558,0,114519300,11.313594,46.434127,286.636500,240.587900,0.000000,-0.000000,0.000500,-0.000100,0.017500,0.024900
1712562501525744,0,114519400,11.313586,46.434109,286.625000,240.576400,-0.000000,-0.000000,0.000000,0.000400,0.019300,0.028400
1712562501624460,0,114519500,11.313578,46.434091,286.628500,240.579900,0.000000,0.000000,0.000500,-0.000100,0.020800,0.030700
1712562501723204,0,114519600,11.313568,46.434075,286.617500,240.568900,0.000000,-0.000000,-0.000500,-0.000100,0.021000,0.031000
1712562501818476,0,114519700,11.313557,46.434059,286.639900,240.591300,-0.000000,-0.000000,-0.000100,0.000300,0.018400,0.027200
1712562501923060,0,114519800,11.313546,46.434045,286.609900,240.561300,0.000000,-0.000000,-0.000100,0.000300,0.016500,0.023200
1712562502023097,0,114519900,11.313533,46.434031,286.585800,240.537200,-0.000000,0.000000,-0.000200,0.000200,0.016800,0.024400
1712562502132264,0,114520000,11.313519,46.434019,286.589400,240.540800,0.000000,-0.000000,0.000400,-0.000200,0.016400,0.023900
1712562502237990,0,114520100,11.313504,46.434007,286.565900,240.517300,0.000000,0.000000,-0.000100,0.000300,0.015900,0.022800
1712562502323921,0,114520200,11.313488,46.433997,286.577400,240.528800,-0.000000,0.000000,0.000400,-0.000200,0.015800,0.023400
1712562502424523,0,114520300,11.313471,46.433988,286.498500,240.449900,0.000000,-0.000000,-0.000500,-0.000100,0.017300,0.027100
1712562502524469,0,114520400,11.313453,46.433980,286.522600,240.473900,0.000000,-0.000000,-0.000400,-0.000100,0.018400,0.030000
1712562502623812,0,114520500,11.313435,46.433973,286.485000,240.436300,-0.000000,0.000000,0.000000,0.000300,0.017500,0.032900
1712562502722726,0,114520600,11.313416,46.433967,286.455000,240.406300,-0.000000,0.000000,0.000000,0.000300,0.018300,0.029700
1712562502822880,0,114520700,11.313399,46.433960,286.520900,240.472100,-0.000000,0.000000,-0.000100,0.000100,0.018300,0.028600
1712562502922082,0,114520800,11.313383,46.433952,286.537300,240.488600,-0.000000,0.000000,0.000300,-0.000400,0.017300,0.027000
1712562503028819,0,114520900,11.313368,46.433944,286.489900,240.441100,0.000000,0.000000,-0.000100,0.000100,0.018200,0.028900
1712562503129808,0,114521000,11.313354,46.433935,286.507200,240.458400,-0.000000,-0.000000,0.000200,0.000400,0.017700,0.027700
1712562503231926,0,114521100,11.313341,46.433925,286.553600,240.504800,-0.000000,-0.000000,-0.000400,-0.000200,0.017500,0.026800
1712562503341819,0,114521200,11.313329,46.433916,286.560400,240.511600,-0.000000,-0.000000,0.000400,-0.000400,0.017400,0.027000
1712562503424573,0,114521300,11.313319,46.433905,286.574900,240.526100,0.000000,-0.000000,-0.000100,0.000100,0.017700,0.027800
1712562503523844,0,114521400,11.313311,46.433894,286.596000,240.547200,-0.000000,0.000000,0.000000,0.000200,0.018400,0.029500
1712562503620124,0,114521500,11.313303,46.433883,286.621100,240.572300,-0.000000,0.000000,0.000100,0.000300,0.018600,0.030000
1712562503724591,0,114521600,11.313297,46.433872,286.663300,240.614500,0.000000,-0.000000,0.000300,-0.000500,0.017300,0.026900
1712562503825217,0,114521700,11.313293,46.433861,286.681200,240.632400,-0.000000,0.000000,0.000200,0.000400,0.017500,0.027300
1712562503924937,0,114521800,11.313290,46.433850,286.633300,240.584500,-0.000000,0.000000,0.000300,0.000500,0.017900,0.028400
1712562504025032,0,114521900,11.313288,46.433840,286.594500,240.545700,0.000000,-0.000000,0.000500,-0.000300,0.017200,0.026700
1712562504143104,0,114522000,11.313286,46.433829,286.615300,240.566500,0.000000,-0.000000,0.000300,0.000500,0.015800,0.022000
1712562504224538,0,114522100,11.313286,46.433820,286.585400,240.536600,-0.000000,-0.000000,0.000400,-0.000400,0.015700,0.021800
1712562504324348,0,114522200,11.313284,46.433811,286.572200,240.523400,0.000000,-0.000000,0.000200,0.000400,0.015500,0.021300
1712562504424066,0,114522300,11.313282,46.433802,286.587900,240.539100,-0.000000,-0.000000,-0.000100,0.000100,0.016100,0.022700
1712562504520957,0,114522400,11.313279,46.433795,286.606000,240.557200,0.000000,-0.000000,0.000000,0.000200,0.016100,0.022700
1712562504626701,0,114522500,11.313276,46.433787,286.597500,240.548700,0.000000,0.000000,0.000500,-0.000300,0.016500,0.023700
1712562504723267,0,114522600,11.313271,46.433781,286.578500,240.529700,-0.000000,-0.000000,-0.000500,-0.000300,0.018300,0.027300
1712562504825064,0,114522700,11.313266,46.433774,286.550400,240.501600,-0.000000,-0.000000,0.000400,-0.000400,0.018500,0.028200
1712562504924964,0,114522800,11.313259,46.433769,286.569700,240.520800,-0.000000,0.000000,-0.000300,-0.000200,0.017700,0.026400
1712562505025223,0,114522900,11.313252,46.433764,286.522800,240.473900,-0.000000,-0.000000,-0.000200,-0.000100,0.016600,0.024100
1712562505140236,0,114523000,11.313245,46.433760,286.592100,240.543300,0.000000,0.000000,0.000100,0.000300,0.016800,0.023800
1712562505236330,0,114523100,11.313237,46.433757,286.560500,240.511700,-0.000000,-0.000000,-0.000500,-0.000300,0.017800,0.026000
1712562505352570,0,114523200,11.313228,46.433754,286.626500,240.577700,-0.000000,-0.000000,0.000500,-0.000300,0.017700,0.027600
1712562505423313,0,114523300,11.313220,46.433754,286.596500,240.547700,0.000000,0.000000,-0.000500,-0.000300,0.019800,0.030600
1712562505536392,0,114523400,11.313212,46.433754,286.629500,240.580600,-0.000000,-0.000000,0.000500,-0.000400,0.018700,0.028200
1712562505632419,0,114523500,11.313204,46.433755,286.620800,240.571900,0.000000,0.000000,-0.000200,-0.000100,0.027000,0.046500
1712562505734896,0,114523600,11.313197,46.433757,286.587500,240.538600,-0.000000,-0.000000,-0.000500,-0.000400,0.025700,0.043900
1712562505834073,0,114523700,11.313189,46.433760,286.621200,240.572400,-0.000000,-0.000000,0.000200,0.000400,0.025800,0.043800
1712562505924119,0,114523800,11.313182,46.433763,286.610000,240.561100,0.000000,0.000000,0.000000,0.000100,0.030000,0.044300
1712562506031263,0,114523900,11.313176,46.433767,286.628600,240.579700,-0.000000,-0.000000,-0.000400,-0.000300,0.028100,0.043800
1712562506154921,0,114524000,11.313171,46.433772,286.663700,240.614800,0.000000,-0.000000,-0.000300,-0.000200,0.043100,0.045500
1712562506239043,0,114524100,11.313166,46.433778,286.720800,240.671900,-0.000000,0.000000,-0.000200,-0.000100,0.018900,0.026800
1712562506322236,0,114524200,11.313162,46.433783,286.743000,240.694100,-0.000000,0.000000,0.000000,0.000100,0.018800,0.027200
1712562506424328,0,114524300,11.313160,46.433789,286.808300,240.759400,-0.000000,-0.000000,0.000300,0.000400,0.021200,0.035700
1712562506524072,0,114524400,11.313158,46.433796,286.759400,240.710500,0.000000,0.000000,0.000400,-0.000500,0.021200,0.035600
1712562506624691,0,114524500,11.313157,46.433803,286.868800,240.819900,0.000000,-0.000000,-0.000200,-0.000100,0.021100,0.035400
1712562506724934,0,114524600,11.313157,46.433810,286.863000,240.814100,-0.000000,0.000000,0.000000,0.000100,0.021000,0.035400
1712562506823929,0,114524700,11.313159,46.433819,286.667400,240.618500,0.000000,-0.000000,0.000400,0.000500,0.021500,0.040600
1712562506925008,0,114524800,11.313161,46.433826,286.726800,240.677900,0.000000,-0.000000,-0.000200,-0.000100,0.021600,0.040900
1712562507023944,0,114524900,11.313164,46.433834,286.718100,240.669200,-0.000000,-0.000000,0.000100,0.000200,0.021500,0.040700
1712562507137943,0,114525000,11.313168,46.433843,286.622200,240.573300,0.000000,-0.000000,0.000200,0.000300,0.015200,0.024400
1712562507264362,0,114525100,11.313173,46.433852,286.580100,240.531200,0.000000,-0.000000,0.000100,0.000200,0.017100,0.031700
1712562507465119,0,114525300,11.313186,46.433868,286.553000,240.504100,-0.000000,-0.000000,0.000000,0.000100,0.017500,0.032900
1712562507627219,0,114525500,11.313202,46.433885,286.575000,240.526100,0.000000,0.000000,0.000000,0.000100,0.017400,0.032600
1712562507730156,0,114525600,11.313211,46.433894,286.557600,240.508700,-0.000000,0.000000,-0.000400,-0.000300,0.017300,0.032200
1712562507832169,0,114525700,11.313220,46.433903,286.547900,240.499100,0.000000,0.000000,-0.000100,0.000100,0.017300,0.032200
1712562507930368,0,114525800,11.313229,46.433913,286.556300,240.507400,0.000000,0.000000,0.000300,0.000400,0.018000,0.035100
1712562508028354,0,114525900,11.313239,46.433923,286.518000,240.469200,-0.000000,-0.000000,0.000000,0.000200,0.018400,0.036600
1712562508132186,0,114526000,11.313248,46.433934,286.525100,240.476300,-0.000000,-0.000000,0.000100,0.000300,0.018600,0.037400
1712562508241761,0,114526100,11.313258,46.433944,286.626700,240.577800,-0.000000,-0.000000,-0.000300,-0.000200,0.015500,0.020800
1712562508336316,0,114526200,11.313268,46.433955,286.631500,240.582600,-0.000000,0.000000,0.000500,-0.000400,0.015600,0.021600
1712562508433496,0,114526300,11.313278,46.433967,286.624100,240.575200,0.000000,-0.000000,0.000100,0.000200,0.015600,0.021300
1712562508534964,0,114526400,11.313288,46.433979,286.622500,240.573600,0.000000,-0.000000,0.000500,-0.000400,0.015600,0.021400
1712562508635401,0,114526500,11.313298,46.433992,286.618000,240.569200,-0.000000,-0.000000,0.000000,0.000200,0.015700,0.021900
1712562508729509,0,114526600,11.313308,46.434006,286.616200,240.567400,-0.000000,0.000000,0.000200,0.000400,0.016700,0.024200
1712562508827358,0,114526700,11.313318,46.434020,286.616300,240.567500,0.000000,0.000000,0.000300,0.000500,0.018500,0.027800
1712562508926840,0,114526800,11.313327,46.434034,286.600600,240.551800,0.000000,-0.000000,-0.000400,-0.000200,0.019500,0.029500
1712562509021439,0,114526900,11.313335,46.434050,286.580700,240.531900,-0.000000,0.000000,-0.000300,-0.000100,0.019900,0.030100
1712562509135537,0,114527000,11.313343,46.434066,286.574200,240.525400,0.000000,0.000000,0.000200,0.000400,0.021100,0.032000
1712562509239128,0,114527100,11.313350,46.434082,286.550200,240.501400,0.000000,-0.000000,0.000200,0.000400,0.023700,0.035700
1712562509329527,0,114527200,11.313356,46.434099,286.544200,240.495400,-0.000000,-0.000000,0.000200,0.000400,0.021800,0.033100
1712562509470221,0,114527300,11.313361,46.434116,286.538900,240.490100,0.000000,0.000000,-0.000100,0.000100,0.022100,0.033500
1712562509628740,0,114527500,11.313367,46.434150,286.562900,240.514100,0.000000,-0.000000,-0.000100,0.000100,0.022000,0.033400
1712562509726996,0,114527600,11.313368,46.434167,286.559800,240.511000,0.000000,-0.000000,-0.000200,0.000000,0.022000,0.033900
1712562509827248,0,114527700,11.313368,46.434184,286.573800,240.525000,0.000000,0.000000,-0.000200,0.000000,0.021300,0.032900
1712562509922885,0,114527800,11.313368,46.434200,286.573300,240.524500,0.000000,0.000000,0.000300,-0.000500,0.021000,0.032500
1712562510029220,0,114527900,11.313368,46.434216,286.582400,240.533600,-0.000000,-0.000000,0.000400,-0.000400,0.020600,0.031900
1712562510137046,0,114528000,11.313369,46.434232,286.598200,240.549400,-0.000000,-0.000000,0.000200,0.000400,0.021300,0.033700
1712562510230191,0,114528100,11.313371,46.434247,286.594900,240.546000,0.000000,-0.000000,-0.000100,0.000000,0.019500,0.029400
1712562510329877,0,114528200,11.313374,46.434262,286.590900,240.542000,-0.000000,-0.000000,-0.000100,0.000000,0.018900,0.028200
1712562510426842,0,114528300,11.313379,46.434277,286.601000,240.552200,0.000000,0.000000,0.000000,0.000200,0.017400,0.025300
1712562510536620,0,114528400,11.313386,46.434291,286.613700,240.564900,-0.000000,-0.000000,-0.000300,-0.000100,0.016400,0.022700
1712562510629653,0,114528500,11.313394,46.434305,286.600100,240.551300,-0.000000,-0.000000,0.000100,0.000300,0.016600,0.022900
1712562510729135,0,114528600,11.313403,46.434318,286.587600,240.538800,0.000000,0.000000,-0.000400,-0.000200,0.016500,0.022900
1712562510824316,0,114528700,11.313413,46.434331,286.605800,240.557000,0.000000,0.000000,-0.000200,0.000000,0.016600,0.023100
1712562510926850,0,114528800,11.313422,46.434344,286.605700,240.556900,-0.000000,0.000000,-0.000300,-0.000100,0.016500,0.022800
1712562511025228,0,114528900,11.313431,46.434357,286.610000,240.561200,0.000000,-0.000000,0.000000,0.000200,0.017200,0.023700
1712562511138308,0,114529000,11.313438,46.434371,286.594500,240.545700,-0.000000,-0.000000,-0.000500,-0.000300,0.019100,0.025300
1712562511236751,0,114529100,11.313445,46.434386,286.599300,240.550500,0.000000,0.000000,0.000300,-0.000500,0.017100,0.021500
1712562511325330,0,114529200,11.313450,46.434400,286.581100,240.532300,0.000000,0.000000,0.000100,0.000300,0.017500,0.023100
1712562511448359,0,114529300,11.313454,46.434415,286.605400,240.556600,0.000000,-0.000000,0.000400,-0.000400,0.017900,0.024300
1712562511526241,0,114529400,11.313456,46.434431,286.620700,240.571900,-0.000000,0.000000,-0.000300,-0.000100,0.017700,0.024200
1712562511626117,0,114529500,11.313458,46.434446,286.600900,240.552100,0.000000,-0.000000,-0.000100,0.000100,0.017500,0.023800
1712562511721892,0,114529600,11.313459,46.434463,286.645900,240.597100,-0.000000,0.000000,-0.000100,0.000100,0.017600,0.024100
1712562511828058,0,114529700,11.313459,46.434479,286.624000,240.575200,-0.000000,-0.000000,0.000000,0.000200,0.017200,0.023700
1712562511926735,0,114529800,11.313460,46.434496,286.643500,240.594700,-0.000000,-0.000000,-0.000500,-0.000300,0.017100,0.023700
1712562512027169,0,114529900,11.313461,46.434513,286.639900,240.591100,0.000000,0.000000,-0.000100,0.000100,0.017400,0.024200
1712562512138569,0,114530000,11.313463,46.434531,286.642200,240.593400,0.000000,-0.000000,0.000200,0.000400,0.017700,0.024900
1712562512229816,0,114530100,11.313465,46.434548,286.635300,240.586500,-0.000000,0.000000,0.000300,0.000500,0.015800,0.021700
1712562512327608,0,114530200,11.313468,46.434565,286.635500,240.586700,0.000000,-0.000000,-0.000500,-0.000300,0.016200,0.022500
1712562512427482,0,114530300,11.313473,46.434583,286.634800,240.586000,0.000000,0.000000,-0.000200,0.000000,0.016000,0.022000
1712562512527426,0,114530400,11.313479,46.434599,286.625100,240.576300,-0.000000,-0.000000,0.000100,0.000300,0.015300,0.020500
1712562512623226,0,114530500,11.313486,46.434616,286.626100,240.577300,0.000000,0.000000,0.000100,0.000300,0.014900,0.019500
1712562512729246,0,114530600,11.313494,46.434633,286.634900,240.586100,-0.000000,-0.000000,-0.000100,0.000100,0.014900,0.019400
1712562512829455,0,114530700,11.313504,46.434650,286.629600,240.580800,0.000000,0.000000,-0.000400,-0.000200,0.015300,0.020200
1712562512929378,0,114530800,11.313514,46.434666,286.626200,240.577400,-0.000000,0.000000,0.000200,0.000400,0.015300,0.019900
1712562513027287,0,114530900,11.313524,46.434681,286.606600,240.557900,0.000000,-0.000000,-0.000400,-0.000100,0.015600,0.020500
1712562513135084,0,114531000,11.313534,46.434695,286.579000,240.530300,0.000000,0.000000,0.000000,0.000300,0.016400,0.022300
1712562513236042,0,114531100,11.313544,46.434709,286.554400,240.505600,-0.000000,0.000000,0.000400,-0.000400,0.014500,0.017900
1712562513328520,0,114531200,11.313554,46.434721,286.523500,240.474700,0.000000,-0.000000,0.000500,-0.000300,0.015400,0.020000
1712562513468822,0,114531300,11.313564,46.434732,286.506800,240.458000,-0.000000,-0.000000,-0.000200,0.000000,0.016400,0.022200
1712562513633015,0,114531500,11.313582,46.434753,286.467400,240.418600,0.000000,0.000000,0.000400,-0.000400,0.016400,0.022200
1712562513731919,0,114531600,11.313591,46.434763,286.435400,240.386600,-0.000000,-0.000000,0.000400,-0.000400,0.016400,0.022200
1712562513834318,0,114531700,11.313601,46.434772,286.438700,240.389900,-0.000000,0.000000,-0.000300,-0.000100,0.015600,0.020700
1712562513934900,0,114531800,11.313611,46.434780,286.447600,240.398900,-0.000000,0.000000,-0.000400,-0.000100,0.015800,0.021200
1712562514032828,0,114531900,11.313622,46.434787,286.425500,240.376800,0.000000,0.000000,0.000500,-0.000200,0.014600,0.018200
1712562514148442,0,114532000,11.313633,46.434793,286.422900,240.374200,0.000000,0.000000,-0.000100,0.000200,0.014600,0.018100
1712562514232006,0,114532100,11.313645,46.434799,286.407200,240.358500,0.000000,-0.000000,0.000200,-0.000500,0.014100,0.015500
1712562514324759,0,114532200,11.313657,46.434803,286.430900,240.382200,-0.000000,-0.000000,-0.000100,0.000200,0.014100,0.015300
1712562514422287,0,114532300,11.313669,46.434806,286.435900,240.387200,0.000000,-0.000000,-0.000100,0.000200,0.014200,0.017500
1712562514524365,0,114532400,11.313682,46.434807,286.446300,240.397700,-0.000000,-0.000000,0.000300,-0.000300,0.015100,0.019300
1712562514623866,0,114532500,11.313694,46.434808,286.434800,240.386200,-0.000000,-0.000000,-0.000200,0.000200,0.015200,0.019100
1712562514726939,0,114532600,11.313706,46.434807,286.467500,240.418900,0.000000,-0.000000,-0.000500,-0.000100,0.016000,0.019700
1712562514832863,0,114532700,11.313718,46.434806,286.516400,240.467700,-0.000000,0.000000,0.000400,-0.000300,0.015600,0.019100
1712562514929194,0,114532800,11.313730,46.434804,286.533300,240.484600,0.000000,0.000000,0.000300,-0.000400,0.016100,0.020100
1712562515029997,0,114532900,11.313741,46.434801,286.534300,240.485600,-0.000000,0.000000,0.000300,-0.000400,0.016600,0.021100
1712562515136420,0,114533000,11.313751,46.434798,286.508100,240.459500,-0.000000,0.000000,0.000100,-0.000500,0.016000,0.020600
1712562515232821,0,114533100,11.313760,46.434793,286.536200,240.487600,-0.000000,-0.000000,0.000200,-0.000400,0.015700,0.019900
1712562515325290,0,114533200,11.313768,46.434788,286.538800,240.490300,0.000000,-0.000000,-0.000200,0.000300,0.016000,0.020300
1712562515445675,0,114533300,11.313775,46.434783,286.539700,240.491100,0.000000,-0.000000,-0.000300,0.000100,0.016600,0.021300
1712562515524376,0,114533400,11.313780,46.434777,286.561000,240.512400,-0.000000,0.000000,0.000000,0.000400,0.017400,0.022900
1712562515632903,0,114533500,11.313785,46.434771,286.552700,240.504100,-0.000000,0.000000,-0.000300,0.000100,0.019100,0.025900
1712562515730213,0,114533600,11.313788,46.434764,286.548600,240.500100,0.000000,0.000000,-0.000400,0.000100,0.020000,0.027200
1712562515832259,0,114533700,11.313790,46.434757,286.598500,240.549900,-0.000000,0.000000,0.000500,-0.000100,0.018400,0.024400
1712562515926237,0,114533800,11.313790,46.434750,286.652500,240.603900,-0.000000,-0.000000,0.000500,-0.000100,0.017300,0.022400
1712562516025353,0,114533900,11.313790,46.434743,286.644100,240.595500,-0.000000,-0.000000,0.000100,0.000500,0.017400,0.022100
1712562516144474,0,114534000,11.313788,46.434736,286.632100,240.583500,-0.000000,0.000000,0.000100,-0.000500,0.015200,0.020200
1712562516224816,0,114534100,11.313785,46.434728,286.683800,240.635300,-0.000000,0.000000,-0.000200,0.000300,0.018900,0.027000
1712562516333188,0,114534200,11.313782,46.434721,286.670100,240.621500,0.000000,-0.000000,0.000100,-0.000500,0.018400,0.025600
1712562516432168,0,114534300,11.313779,46.434714,286.677000,240.628500,0.000000,-0.000000,0.000000,0.000500,0.018500,0.025800
1712562516527252,0,114534400,11.313777,46.434706,286.695900,240.647400,-0.000000,0.000000,-0.000100,0.000400,0.020000,0.028700
1712562516633546,0,114534500,11.313776,46.434699,286.677800,240.629300,-0.000000,0.000000,-0.000200,0.000300,0.018900,0.026600
1712562516732070,0,114534600,11.313776,46.434691,286.750100,240.701600,0.000000,0.000000,0.000100,-0.000400,0.018500,0.025800
1712562516832515,0,114534700,11.313777,46.434684,286.725800,240.677300,0.000000,-0.000000,-0.000200,0.000300,0.023400,0.031200
1712562516926856,0,114534800,11.313780,46.434677,286.753600,240.705100,0.000000,-0.000000,-0.000400,0.000100,0.023800,0.030500
1712562517028547,0,114534900,11.313785,46.434670,286.733800,240.685200,0.000000,-0.000000,-0.000200,0.000200,0.022600,0.028900
1712562517129098,0,114535000,11.313790,46.434664,286.738100,240.689600,-0.000000,0.000000,0.000100,-0.000400,0.016500,0.022700
1712562517234504,0,114535100,11.313797,46.434658,286.780700,240.732200,0.000000,-0.000000,-0.000300,0.000200,0.016600,0.023500
1712562517334311,0,114535200,11.313805,46.434653,286.761400,240.712800,-0.000000,0.000000,0.000400,-0.000200,0.017000,0.024500
1712562517478038,0,114535300,11.313815,46.434649,286.796200,240.747700,0.000000,0.000000,0.000200,-0.000300,0.018200,0.027200
1712562517634399,0,114535500,11.313834,46.434639,286.809200,240.760800,-0.000000,-0.000000,0.000200,-0.000200,0.016300,0.022700
1712562517736798,0,114535600,11.313843,46.434634,286.803600,240.755100,0.000000,0.000000,-0.000400,0.000100,0.015500,0.020800
1712562517830544,0,114535700,11.313852,46.434628,286.831200,240.782700,-0.000000,0.000000,0.000200,-0.000300,0.014500,0.018500
1712562517925056,0,114535800,11.313860,46.434621,286.862000,240.813600,0.000000,-0.000000,0.000000,-0.000400,0.014400,0.017900
1712562518019224,0,114535900,11.313867,46.434614,286.838200,240.789700,0.000000,-0.000000,0.000200,-0.000300,0.015600,0.020600
1712562518138309,0,114536000,11.313873,46.434606,286.803800,240.755400,-0.000000,-0.000000,-0.000200,0.000400,0.017700,0.024300
1712562518240129,0,114536100,11.313878,46.434598,286.797000,240.748500,-0.000000,0.000000,0.000000,-0.000500,0.018800,0.026200
1712562518325070,0,114536200,11.313882,46.434588,286.793600,240.745200,-0.000000,-0.000000,-0.000400,0.000200,0.016900,0.022600
1712562518423710,0,114536300,11.313885,46.434579,286.813800,240.765300,-0.000000,0.000000,-0.000200,0.000300,0.015200,0.019000
1712562518609971,0,114536400,11.313888,46.434569,286.819400,240.770900,0.000000,-0.000000,0.000400,-0.000100,0.014100,0.012500
1712562518727080,0,114536600,11.313890,46.434548,286.798800,240.750400,-0.000000,0.000000,-0.000200,0.000400,0.014300,0.017800
1712562518827107,0,114536700,11.313889,46.434537,286.774200,240.725800,-0.000000,0.000000,0.000200,-0.000200,0.014100,0.017800
1712562518921684,0,114536800,11.313888,46.434526,286.761100,240.712700,-0.000000,0.000000,0.000100,-0.000300,0.014100,0.017200
1712562519025852,0,114536900,11.313886,46.434514,286.744300,240.695900,-0.000000,0.000000,0.000300,-0.000100,0.014100,0.018100
1712562519137433,0,114537000,11.313884,46.434502,286.734700,240.686300,-0.000000,-0.000000,-0.000300,0.000300,0.014100,0.018300
1712562519232779,0,114537100,11.313881,46.434489,286.771700,240.723300,-0.000000,-0.000000,-0.000300,0.000300,0.014100,0.016500
1712562519324464,0,114537200,11.313877,46.434476,286.760900,240.712500,0.000000,0.000000,-0.000100,0.000500,0.014900,0.020200
1712562519438685,0,114537300,11.313873,46.434463,286.766900,240.718500,0.000000,-0.000000,-0.000100,0.000500,0.014900,0.020200
1712562519525362,0,114537400,11.313869,46.434450,286.751200,240.702800,-0.000000,-0.000000,0.000200,-0.000200,0.015100,0.020700
1712562519624534,0,114537500,11.313864,46.434436,286.742600,240.694100,-0.000000,0.000000,-0.000400,0.000100,0.014900,0.020300
1712562519724958,0,114537600,11.313859,46.434422,286.734100,240.685700,0.000000,0.000000,0.000100,-0.000300,0.014900,0.020400
1712562519821374,0,114537700,11.313854,46.434407,286.738700,240.690300,0.000000,-0.000000,-0.000300,0.000300,0.014300,0.018700
1712562519925525,0,114537800,11.313849,46.434391,286.735100,240.686700,0.000000,-0.000000,0.000100,-0.000300,0.014300,0.018900
1712562520025334,0,114537900,11.313844,46.434375,286.731300,240.682800,-0.000000,0.000000,0.000300,-0.000200,0.014400,0.019000
1712562520145038,0,114538000,11.313838,46.434358,286.716100,240.667700,-0.000000,0.000000,0.000100,-0.000300,0.014400,0.018000
1712562520232511,0,114538100,11.313833,46.434341,286.712800,240.664300,0.000000,0.000000,-0.000200,0.000300,0.014700,0.018800
1712562520337168,0,114538200,11.313827,46.434323,286.717000,240.668600,0.000000,0.000000,0.000000,-0.000400,0.014700,0.019000
1712562520426807,0,114538300,11.313822,46.434306,286.722100,240.673700,0.000000,-0.000000,0.000100,-0.000300,0.015400,0.020600
1712562520525413,0,114538400,11.313817,46.434290,286.716700,240.668300,-0.000000,-0.000000,-0.000300,0.000300,0.014800,0.019400
1712562520624854,0,114538500,11.313812,46.434275,286.720900,240.672500,0.000000,0.000000,-0.000100,-0.000500,0.014500,0.018600
1712562520719233,0,114538600,11.313807,46.434261,286.714100,240.665700,-0.000000,-0.000000,0.000100,-0.000300,0.014500,0.018700
1712562520823582,0,114538700,11.313801,46.434247,286.712700,240.664200,0.000000,0.000000,-0.000300,0.000200,0.015100,0.020100
1712562520924106,0,114538800,11.313796,46.434234,286.724200,240.675800,0.000000,-0.000000,0.000200,-0.000200,0.015800,0.021800
1712562521026463,0,114538900,11.313790,46.434223,286.721200,240.672800,0.000000,-0.000000,0.000200,-0.000200,0.017600,0.025700
1712562521136817,0,114539000,11.313783,46.434212,286.734300,240.685900,0.000000,0.000000,0.000300,-0.000100,0.016800,0.024900
1712562521226188,0,114539100,11.313775,46.434202,286.732200,240.683700,0.000000,-0.000000,0.000200,-0.000300,0.016800,0.024900
1712562521323915,0,114539200,11.313767,46.434193,286.726900,240.678400,-0.000000,-0.000000,-0.000100,0.000400,0.016100,0.023400
1712562521435389,0,114539300,11.313758,46.434185,286.715700,240.667200,-0.000000,-0.000000,-0.000300,0.000200,0.015100,0.021200
1712562521522439,0,114539400,11.313748,46.434178,286.706300,240.657800,-0.000000,0.000000,0.000300,-0.000200,0.015400,0.021900
1712562521617293,0,114539500,11.313737,46.434172,286.718800,240.670400,-0.000000,-0.000000,-0.000200,0.000400,0.015300,0.021700
1712562521724986,0,114539600,11.313727,46.434167,286.714300,240.665800,0.000000,0.000000,0.000300,-0.000200,0.016900,0.025900
1712562521821506,0,114539700,11.313716,46.434164,286.697400,240.649000,0.000000,-0.000000,0.000400,0.000000,0.017600,0.028600
1712562521920598,0,114539800,11.313705,46.434161,286.695400,240.646900,0.000000,0.000000,0.000400,-0.000100,0.016500,0.024700
1712562522019235,0,114539900,11.313695,46.434159,286.680500,240.632000,-0.000000,0.000000,0.000500,0.000000,0.016800,0.021900
1712562522128584,0,114540000,11.313685,46.434159,286.727800,240.679300,0.000000,0.000000,-0.000200,0.000300,0.016100,0.020600
1712562522223988,0,114540100,11.313675,46.434160,286.708700,240.660200,0.000000,0.000000,-0.000300,0.000200,0.019100,0.025600
1712562522322039,0,114540200,11.313666,46.434161,286.693100,240.644500,-0.000000,0.000000,0.000100,-0.000500,0.018700,0.024700
1712562522425600,0,114540300,11.313658,46.434164,286.682400,240.633900,0.000000,0.000000,0.000400,-0.000100,0.019100,0.025300
1712562522609566,0,114540400,11.313651,46.434167,286.694600,240.646100,-0.000000,0.000000,-0.000400,0.000100,0.028700,0.025600
1712562522723424,0,114540600,11.313639,46.434174,286.683200,240.634600,0.000000,-0.000000,0.000200,-0.000400,0.024700,0.028600
1712562522824489,0,114540700,11.313633,46.434178,286.704700,240.656100,-0.000000,0.000000,-0.000300,0.000100,0.025100,0.027400
1712562522955096,0,114540800,11.313629,46.434182,286.665900,240.617300,-0.000000,-0.000000,-0.000100,0.000300,0.023700,0.024000
1712562523023002,0,114540900,11.313625,46.434187,286.665000,240.616400,-0.000000,0.000000,0.000000,0.000400,0.021600,0.021300
1712562523139605,0,114541000,11.313622,46.434191,286.693200,240.644700,-0.000000,0.000000,0.000200,-0.000300,0.021600,0.021300
1712562523240530,0,114541100,11.313619,46.434196,286.633500,240.585000,0.000000,-0.000000,-0.000500,0.000000,0.016500,0.022400
1712562523323581,0,114541200,11.313617,46.434201,286.626200,240.577600,-0.000000,-0.000000,0.000200,-0.000400,0.017900,0.025300
1712562523430405,0,114541300,11.313616,46.434206,286.653300,240.604700,-0.000000,0.000000,0.000300,-0.000300,0.017200,0.023900
1712562523525545,0,114541400,11.313615,46.434212,286.660900,240.612300,-0.000000,0.000000,-0.000100,0.000300,0.016600,0.022700
1712562523624613,0,114541500,11.313615,46.434217,286.641700,240.593100,0.000000,0.000000,-0.000300,0.000100,0.016000,0.021600
1712562523725680,0,114541600,11.313615,46.434222,286.631800,240.583200,0.000000,-0.000000,-0.000200,0.000200,0.015800,0.021200
1712562523824828,0,114541700,11.313616,46.434228,286.621200,240.572600,0.000000,-0.000000,0.000200,-0.000400,0.016800,0.023300
1712562523925078,0,114541800,11.313617,46.434233,286.615400,240.566800,0.000000,-0.000000,0.000400,-0.000200,0.017100,0.023900
1712562524026476,0,114541900,11.313618,46.434239,286.611400,240.562800,0.000000,0.000000,0.000400,-0.000200,0.020600,0.030800
1712562524135032,0,114542000,11.313619,46.434245,286.589800,240.541300,-0.000000,-0.000000,-0.000200,0.000300,0.019200,0.029400
1712562524239683,0,114542100,11.313620,46.434250,286.609000,240.560400,-0.000000,-0.000000,0.000000,0.000400,0.022600,0.033500
1712562524320623,0,114542200,11.313622,46.434256,286.604200,240.555600,-0.000000,-0.000000,0.000200,-0.000400,0.024800,0.036600
1712562524425337,0,114542300,11.313623,46.434261,286.602800,240.554200,-0.000000,-0.000000,-0.000200,0.000200,0.026100,0.038500
1712562524609272,0,114542400,11.313625,46.434267,286.609200,240.560700,-0.000000,0.000000,0.000200,-0.000300,0.016100,0.021200
1712562524725101,0,114542600,11.313628,46.434278,286.604800,240.556200,0.000000,0.000000,-0.000200,0.000200,0.028800,0.042400
1712562524825347,0,114542700,11.313630,46.434283,286.605100,240.556500,0.000000,0.000000,0.000100,0.000500,0.029600,0.043700
1712562524926228,0,114542800,11.313631,46.434288,286.610200,240.561600,-0.000000,0.000000,0.000200,-0.000400,0.029100,0.042800
1712562525024909,0,114542900,11.313633,46.434294,286.607900,240.559400,-0.000000,-0.000000,-0.000100,0.000400,0.029000,0.042800
1712562525136596,0,114543000,11.313634,46.434299,286.621000,240.572400,0.000000,0.000000,0.000000,0.000400,0.022800,0.033100
1712562525224056,0,114543100,11.313636,46.434304,286.624100,240.575500,-0.000000,-0.000000,0.000100,-0.000500,0.021600,0.031400
1712562525326283,0,114543200,11.313637,46.434309,286.624000,240.575400,-0.000000,-0.000000,0.000000,0.000400,0.021100,0.030600
1712562525438574,0,114543300,11.313639,46.434314,286.621000,240.572500,0.000000,0.000000,0.000000,0.000500,0.022800,0.033100
1712562525526685,0,114543400,11.313641,46.434319,286.620400,240.571900,0.000000,0.000000,0.000400,-0.000100,0.022700,0.032900
1712562525625833,0,114543500,11.313642,46.434324,286.622500,240.573900,-0.000000,0.000000,0.000500,-0.000100,0.022300,0.032300
1712562525725787,0,114543600,11.313644,46.434329,286.625100,240.576500,0.000000,0.000000,0.000100,-0.000500,0.021500,0.031300
1712562525827132,0,114543700,11.313645,46.434334,286.623100,240.574500,-0.000000,-0.000000,0.000100,-0.000500,0.021900,0.031800
